ic.stat_inst_fetch,ic.penalty_write_next,ic.config_write_allocate,ic.config_line_number,ic.config_write_back,ic.stat_lost_stall_cycles,ic.access_count,ic.penalty_read_next,ic.config_replacement_policy,ic.stat_inst_fetch_miss,ic.stat_uc_data_read,ic.config_line_size,ic.stat_data_read_miss,ic.penalty_read,ic.stat_data_write,ic.stat_copy_back,ic.stat_transaction,ic.stat_dev_data_read,ic.stat_uc_inst_fetch,ic.stat_uc_data_write,ic.stat_data_write_miss,ic.stat_data_read,ic.penalty_write,ic.config_assoc,dc.stat_inst_fetch,dc.penalty_write_next,dc.config_write_allocate,dc.config_line_number,dc.config_write_back,dc.stat_lost_stall_cycles,dc.access_count,dc.penalty_read_next,dc.config_replacement_policy,dc.stat_inst_fetch_miss,dc.stat_uc_data_read,dc.config_line_size,dc.stat_data_read_miss,dc.penalty_read,dc.stat_data_write,dc.stat_copy_back,dc.stat_transaction,dc.stat_dev_data_read,dc.stat_uc_inst_fetch,dc.stat_uc_data_write,dc.stat_data_write_miss,dc.stat_data_read,dc.penalty_write,dc.config_assoc,lev2c.stat_inst_fetch,lev2c.penalty_write_next,lev2c.config_write_allocate,lev2c.config_line_number,lev2c.config_write_back,lev2c.stat_lost_stall_cycles,lev2c.access_count,lev2c.penalty_read_next,lev2c.config_replacement_policy,lev2c.stat_inst_fetch_miss,lev2c.stat_uc_data_read,lev2c.config_line_size,lev2c.stat_data_read_miss,lev2c.penalty_read,lev2c.stat_data_write,lev2c.stat_copy_back,lev2c.stat_transaction,lev2c.stat_dev_data_read,lev2c.stat_uc_inst_fetch,lev2c.stat_uc_data_write,lev2c.stat_data_write_miss,lev2c.stat_data_read,lev2c.penalty_write,lev2c.config_assoc
21672242,0,0,1,0,0,0,0,lru,21582680,0,32,0,3,0,0,21672242,0,0,0,0,0,0,1,0,0,0,1,0,45165,0,0,lru,0,0,16,9942159,3,4036025,0,14078839,0,0,0,3941071,10042814,3,1,21582680,0,1,4,1,150520,0,0,lru,6050098,0,128,5977981,10,4036025,2027161,35560864,0,0,0,1943477,9942159,10,4
21672241,0,0,1,0,0,0,0,lru,21582679,0,32,0,3,0,0,21672241,0,0,0,0,0,0,1,0,0,0,1,0,45165,0,0,lru,0,0,32,9887899,3,4036028,0,14078833,0,0,0,3932009,10042805,3,1,21582679,0,1,4,1,150520,0,0,lru,6050094,0,128,5977976,10,4036028,2027161,35506606,0,0,0,1943479,9887899,10,4
21672219,0,0,1,0,0,0,0,lru,21582667,0,32,0,3,0,0,21672219,0,0,0,0,0,0,1,0,0,0,1,0,45150,0,0,lru,0,0,64,9849551,3,4036014,0,14078784,0,0,0,3925996,10042770,3,1,21582667,0,1,4,1,150470,0,0,lru,6050063,0,128,5977970,10,4036014,2027152,35468232,0,0,0,1943483,9849551,10,4
19937936,0,0,1,0,0,0,0,lru,19795494,0,32,0,3,0,0,19937936,0,0,0,0,0,0,1,0,0,0,1,0,183618,0,0,lru,0,0,16,19464477,3,5377432,0,28428807,0,0,0,3300080,23051375,3,1,19795494,0,1,8,1,516390,0,0,lru,706423,0,128,1615088,10,5377432,450439,44637403,0,0,0,290974,19464477,10,4
19929960,0,0,1,0,0,0,0,lru,19788071,0,32,0,3,0,0,19929960,0,0,0,0,0,0,1,0,0,0,1,0,175423,0,0,lru,0,0,32,19172002,3,5381331,0,28480577,0,0,0,3022066,23099246,3,1,19788071,0,1,8,1,513760,0,0,lru,704891,0,128,1616818,10,5381331,450308,44341404,0,0,0,291377,19172002,10,4
19924659,0,0,1,0,0,0,0,lru,19783046,0,32,0,3,0,0,19924659,0,0,0,0,0,0,1,0,0,0,1,0,171990,0,0,lru,0,0,64,18926203,3,5384227,0,28516497,0,0,0,3014692,23132270,3,1,19783046,0,1,8,1,512800,0,0,lru,704660,0,128,1618561,10,5384227,450454,44093476,0,0,0,291826,18926203,10,4
19781204,0,0,1,0,0,0,0,lru,19644399,0,32,0,3,0,0,19781204,0,0,0,0,0,0,1,0,0,0,1,0,176868,0,0,lru,0,0,16,20197059,3,5464062,0,29517323,0,0,0,3242186,24053261,3,1,19644399,0,1,16,1,495550,0,0,lru,484378,0,128,1515928,10,5464062,437168,45305520,0,0,0,286439,20197059,10,4
19774718,0,0,1,0,0,0,0,lru,19638129,0,32,0,3,0,0,19774718,0,0,0,0,0,0,1,0,0,0,1,0,170194,0,0,lru,0,0,32,19881130,3,5467598,0,29562679,0,0,0,2943368,24095081,3,1,19638129,0,1,16,1,494760,0,0,lru,484615,0,128,1518378,10,5467598,437521,44986857,0,0,0,287048,19881130,10,4
19769896,0,0,1,0,0,0,0,lru,19633431,0,32,0,3,0,0,19769896,0,0,0,0,0,0,1,0,0,0,1,0,166545,0,0,lru,0,0,64,19620542,3,5470461,0,29597651,0,0,0,2936101,24127190,3,1,19633431,0,1,16,1,494070,0,0,lru,484639,0,128,1520457,10,5470461,437670,44724434,0,0,0,287391,19620542,10,4
19698637,0,0,1,0,0,0,0,lru,19564975,0,32,0,3,0,0,19698637,0,0,0,0,0,0,1,0,0,0,1,0,171891,0,0,lru,0,0,16,20584289,3,5510037,0,30092414,0,0,0,3211743,24582377,3,1,19564975,0,1,32,1,484000,0,0,lru,390641,0,128,1451970,10,5510037,422320,45659301,0,0,0,281792,20584289,10,4
19690574,0,0,1,0,0,0,0,lru,19557372,0,32,0,3,0,0,19690574,0,0,0,0,0,0,1,0,0,0,1,0,164649,0,0,lru,0,0,32,20263461,3,5514262,0,30145982,0,0,0,2901074,24631720,3,1,19557372,0,1,32,1,481820,0,0,lru,389638,0,128,1454258,10,5514262,422602,45335095,0,0,0,282483,20263461,10,4
19684919,0,0,1,0,0,0,0,lru,19551948,0,32,0,3,0,0,19684919,0,0,0,0,0,0,1,0,0,0,1,0,161445,0,0,lru,0,0,64,19997921,3,5517063,0,30183328,0,0,0,2893556,24666265,3,1,19551948,0,1,32,1,481220,0,0,lru,388867,0,128,1455937,10,5517063,422759,45066932,0,0,0,282906,19997921,10,4
21668378,0,0,2,0,0,0,0,lru,21541268,0,32,0,3,0,0,21668378,0,0,0,0,0,0,1,0,0,0,1,0,45180,0,0,lru,0,0,16,9948389,3,4038548,0,14087634,0,0,0,3943555,10049086,3,1,21541268,0,1,4,1,150570,0,0,lru,6060867,0,128,5981731,10,4038548,2025414,35528205,0,0,0,1941694,9948389,10,4
21668377,0,0,2,0,0,0,0,lru,21541267,0,32,0,3,0,0,21668377,0,0,0,0,0,0,1,0,0,0,1,0,45180,0,0,lru,0,0,32,9894111,3,4038548,0,14087634,0,0,0,3934485,10049086,3,1,21541267,0,1,4,1,150570,0,0,lru,6060868,0,128,5981731,10,4038548,2025414,35473926,0,0,0,1941694,9894111,10,4
21668376,0,0,2,0,0,0,0,lru,21541266,0,32,0,3,0,0,21668376,0,0,0,0,0,0,1,0,0,0,1,0,45180,0,0,lru,0,0,64,9855744,3,4038551,0,14087629,0,0,0,3928465,10049078,3,1,21541266,0,1,4,1,150570,0,0,lru,6060864,0,128,5981726,10,4038551,2025414,35435561,0,0,0,1941696,9855744,10,4
19928723,0,0,2,0,0,0,0,lru,19363976,0,32,0,3,0,0,19928723,0,0,0,0,0,0,1,0,0,0,1,0,181740,0,0,lru,0,0,16,19506232,3,5382497,0,28491058,0,0,0,3296998,23108561,3,1,19363976,0,1,8,1,513510,0,0,lru,706213,0,128,1617579,10,5382497,450443,44252705,0,0,0,291577,19506232,10,4
19922595,0,0,2,0,0,0,0,lru,19358858,0,32,0,3,0,0,19922595,0,0,0,0,0,0,1,0,0,0,1,0,175668,0,0,lru,0,0,32,19205247,3,5385400,0,28531398,0,0,0,3018430,23145998,3,1,19358858,0,1,8,1,513260,0,0,lru,706076,0,128,1619567,10,5385400,450651,43949505,0,0,0,292033,19205247,10,4
19918609,0,0,2,0,0,0,0,lru,19354558,0,32,0,3,0,0,19918609,0,0,0,0,0,0,1,0,0,0,1,0,171723,0,0,lru,0,0,64,18956499,3,5388445,0,28564627,0,0,0,3011559,23176182,3,1,19354558,0,1,8,1,512160,0,0,lru,705830,0,128,1621594,10,5388445,450982,43699502,0,0,0,292527,18956499,10,4
19774197,0,0,2,0,0,0,0,lru,19226992,0,32,0,3,0,0,19774197,0,0,0,0,0,0,1,0,0,0,1,0,176115,0,0,lru,0,0,16,20229796,3,5467808,0,29565803,0,0,0,3239491,24097995,3,1,19226992,0,1,16,1,494030,0,0,lru,485464,0,128,1518477,10,5467808,437253,44924596,0,0,0,286906,20229796,10,4
19768153,0,0,2,0,0,0,0,lru,19221601,0,32,0,3,0,0,19768153,0,0,0,0,0,0,1,0,0,0,1,0,169752,0,0,lru,0,0,32,19911697,3,5471379,0,29609392,0,0,0,2940012,24138013,3,1,19221601,0,1,16,1,493690,0,0,lru,485595,0,128,1520945,10,5471379,437681,44604677,0,0,0,287455,19911697,10,4
19760418,0,0,2,0,0,0,0,lru,19214831,0,32,0,3,0,0,19760418,0,0,0,0,0,0,1,0,0,0,1,0,165411,0,0,lru,0,0,64,19661798,3,5475671,0,29661437,0,0,0,2931671,24185766,3,1,19214831,0,1,16,1,492110,0,0,lru,483669,0,128,1522861,10,5475671,437928,44352300,0,0,0,288097,19661798,10,4
19689371,0,0,2,0,0,0,0,lru,19152132,0,32,0,3,0,0,19689371,0,0,0,0,0,0,1,0,0,0,1,0,171279,0,0,lru,0,0,16,20624423,3,5514470,0,30151817,0,0,0,3208284,24637347,3,1,19152132,0,1,32,1,481750,0,0,lru,389455,0,128,1454364,10,5514470,422531,45291025,0,0,0,282490,20624423,10,4
19682444,0,0,2,0,0,0,0,lru,19145952,0,32,0,3,0,0,19682444,0,0,0,0,0,0,1,0,0,0,1,0,164710,0,0,lru,0,0,32,20299267,3,5518408,0,30200297,0,0,0,2896943,24681889,3,1,19145952,0,1,32,1,480910,0,0,lru,388926,0,128,1456892,10,5518408,422930,44963627,0,0,0,283167,20299267,10,4
19677242,0,0,2,0,0,0,0,lru,19141107,0,32,0,3,0,0,19677242,0,0,0,0,0,0,1,0,0,0,1,0,161460,0,0,lru,0,0,64,20032482,3,5521246,0,30237296,0,0,0,2889511,24716050,3,1,19141107,0,1,32,1,480420,0,0,lru,388489,0,128,1459012,10,5521246,423250,44694835,0,0,0,283693,20032482,10,4
21674518,0,0,4,0,0,0,0,lru,19618812,0,32,0,3,0,0,21674518,0,0,0,0,0,0,1,0,0,0,1,0,49455,0,0,lru,0,0,16,9956223,3,4042240,0,14104883,0,0,0,3941327,10062643,3,1,19618812,0,1,4,1,164820,0,0,lru,7935761,0,128,5983291,10,4042240,2027684,33617275,0,0,0,1939772,9956223,10,4
21674516,0,0,4,0,0,0,0,lru,19618808,0,32,0,3,0,0,21674516,0,0,0,0,0,0,1,0,0,0,1,0,49455,0,0,lru,0,0,32,9898845,3,4042242,0,14104878,0,0,0,3931406,10062636,3,1,19618808,0,1,4,1,164820,0,0,lru,7935757,0,128,5983287,10,4042242,2027683,33559895,0,0,0,1939774,9898845,10,4
21674514,0,0,4,0,0,0,0,lru,19618807,0,32,0,3,0,0,21674514,0,0,0,0,0,0,1,0,0,0,1,0,49455,0,0,lru,0,0,64,9858915,3,4042241,0,14104881,0,0,0,3924811,10062640,3,1,19618807,0,1,4,1,164820,0,0,lru,7935755,0,128,5983287,10,4042241,2027683,33519963,0,0,0,1939774,9858915,10,4
19880284,0,0,4,0,0,0,0,lru,16195141,0,32,0,3,0,0,19880284,0,0,0,0,0,0,1,0,0,0,1,0,178458,0,0,lru,0,0,16,19730880,3,5408787,0,28824240,0,0,0,3278933,23415453,3,1,16195141,0,1,8,1,506370,0,0,lru,743388,0,128,1629467,10,5408787,451869,41334808,0,0,0,295186,19730880,10,4
19875967,0,0,4,0,0,0,0,lru,16188229,0,32,0,3,0,0,19875967,0,0,0,0,0,0,1,0,0,0,1,0,172533,0,0,lru,0,0,32,19419108,3,5411765,0,28858139,0,0,0,2995041,23446374,3,1,16188229,0,1,8,1,506250,0,0,lru,743923,0,128,1631544,10,5411765,452274,41019102,0,0,0,295723,19419108,10,4
19868803,0,0,4,0,0,0,0,lru,16177924,0,32,0,3,0,0,19868803,0,0,0,0,0,0,1,0,0,0,1,0,168807,0,0,lru,0,0,64,19174792,3,5414894,0,28902622,0,0,0,2986592,23487728,3,1,16177924,0,1,8,1,504460,0,0,lru,743207,0,128,1633559,10,5414894,452346,40767610,0,0,0,296222,19174792,10,4
19709337,0,0,4,0,0,0,0,lru,15937243,0,32,0,3,0,0,19709337,0,0,0,0,0,0,1,0,0,0,1,0,172344,0,0,lru,0,0,16,20530942,3,5503299,0,30012984,0,0,0,3215673,24509685,3,1,15937243,0,1,16,1,484430,0,0,lru,480985,0,128,1538907,10,5503299,439846,41971484,0,0,0,292418,20530942,10,4
19703255,0,0,4,0,0,0,0,lru,15927848,0,32,0,3,0,0,19703255,0,0,0,0,0,0,1,0,0,0,1,0,166439,0,0,lru,0,0,32,20205800,3,5507175,0,30058164,0,0,0,2907488,24550989,3,1,15927848,0,1,16,1,484460,0,0,lru,481583,0,128,1541494,10,5507175,440518,41640823,0,0,0,293156,20205800,10,4
19696170,0,0,4,0,0,0,0,lru,15917698,0,32,0,3,0,0,19696170,0,0,0,0,0,0,1,0,0,0,1,0,162342,0,0,lru,0,0,64,19945221,3,5510374,0,30102128,0,0,0,2899387,24591754,3,1,15917698,0,1,16,1,482110,0,0,lru,480695,0,128,1542981,10,5510374,440506,41373293,0,0,0,293670,19945221,10,4
19618556,0,0,4,0,0,0,0,lru,15802451,0,32,0,3,0,0,19618556,0,0,0,0,0,0,1,0,0,0,1,0,166380,0,0,lru,0,0,16,20937719,3,5550895,0,30619292,0,0,0,3182466,25068397,3,1,15802451,0,1,32,1,470880,0,0,lru,382911,0,128,1476287,10,5550895,425662,42291065,0,0,0,288580,20937719,10,4
19611917,0,0,4,0,0,0,0,lru,15792375,0,32,0,3,0,0,19611917,0,0,0,0,0,0,1,0,0,0,1,0,160199,0,0,lru,0,0,32,20603240,3,5554681,0,30666010,0,0,0,2861851,25111329,3,1,15792375,0,1,32,1,470060,0,0,lru,383004,0,128,1478570,10,5554681,426008,41950296,0,0,0,289177,20603240,10,4
19605686,0,0,4,0,0,0,0,lru,15783164,0,32,0,3,0,0,19605686,0,0,0,0,0,0,1,0,0,0,1,0,156669,0,0,lru,0,0,64,20334285,3,5557906,0,30708106,0,0,0,2854146,25150200,3,1,15783164,0,1,32,1,468810,0,0,lru,382211,0,128,1480561,10,5557906,426220,41675355,0,0,0,289697,20334285,10,4
21665915,0,0,8,0,0,0,0,lru,8280793,0,32,0,3,0,0,21665915,0,0,0,0,0,0,1,0,0,0,1,0,43500,0,0,lru,0,0,16,9946436,3,4037084,0,14082314,0,0,0,3944193,10045230,3,1,8280793,0,1,4,1,144970,0,0,lru,6035167,0,128,5971691,10,4037084,2021534,22264313,0,0,0,1939470,9946436,10,4
21665892,0,0,8,0,0,0,0,lru,8280720,0,32,0,3,0,0,21665892,0,0,0,0,0,0,1,0,0,0,1,0,43485,0,0,lru,0,0,32,9893348,3,4037071,0,14082275,0,0,0,3935436,10045204,3,1,8280720,0,1,4,1,144920,0,0,lru,6035138,0,128,5971687,10,4037071,2021525,22211139,0,0,0,1939475,9893348,10,4
21665890,0,0,8,0,0,0,0,lru,8280703,0,32,0,3,0,0,21665890,0,0,0,0,0,0,1,0,0,0,1,0,43485,0,0,lru,0,0,64,9855614,3,4037073,0,14082282,0,0,0,3929640,10045209,3,1,8280703,0,1,4,1,144920,0,0,lru,6035132,0,128,5971681,10,4037073,2021525,22173390,0,0,0,1939476,9855614,10,4
19706677,0,0,8,0,0,0,0,lru,6502345,0,32,0,3,0,0,19706677,0,0,0,0,0,0,1,0,0,0,1,0,173151,0,0,lru,0,0,16,20544623,3,5505342,0,30033866,0,0,0,3215003,24528524,3,1,6502345,0,1,8,1,485020,0,0,lru,801460,0,128,1648167,10,5505342,458929,32552310,0,0,0,309860,20544623,10,4
19697815,0,0,8,0,0,0,0,lru,6491244,0,32,0,3,0,0,19697815,0,0,0,0,0,0,1,0,0,0,1,0,164156,0,0,lru,0,0,32,20227556,3,5509575,0,30090710,0,0,0,2904910,24581135,3,1,6491244,0,1,8,1,481390,0,0,lru,799975,0,128,1649770,10,5509575,458606,32228375,0,0,0,310142,20227556,10,4
19691110,0,0,8,0,0,0,0,lru,6484372,0,32,0,3,0,0,19691110,0,0,0,0,0,0,1,0,0,0,1,0,160803,0,0,lru,0,0,64,19967199,3,5512906,0,30135148,0,0,0,2896847,24622242,3,1,6484372,0,1,8,1,480000,0,0,lru,800184,0,128,1651821,10,5512906,458762,31964477,0,0,0,310614,19967199,10,4
19545456,0,0,8,0,0,0,0,lru,6334921,0,32,0,3,0,0,19545456,0,0,0,0,0,0,1,0,0,0,1,0,164256,0,0,lru,0,0,16,21281106,3,5591799,0,31129845,0,0,0,3155669,25538046,3,1,6334921,0,1,16,1,461930,0,0,lru,540005,0,128,1590664,10,5591799,446820,33207826,0,0,0,306424,21281106,10,4
19538270,0,0,8,0,0,0,0,lru,6327449,0,32,0,3,0,0,19538270,0,0,0,0,0,0,1,0,0,0,1,0,157671,0,0,lru,0,0,32,20939396,3,5595599,0,31179046,0,0,0,2824674,25583447,3,1,6327449,0,1,16,1,460590,0,0,lru,539693,0,128,1592946,10,5595599,447112,32862444,0,0,0,307015,20939396,10,4
19532371,0,0,8,0,0,0,0,lru,6321893,0,32,0,3,0,0,19532371,0,0,0,0,0,0,1,0,0,0,1,0,154332,0,0,lru,0,0,64,20660775,3,5598228,0,31216878,0,0,0,2817133,25618650,3,1,6321893,0,1,16,1,458960,0,0,lru,539678,0,128,1595169,10,5598228,447112,32580896,0,0,0,307388,20660775,10,4
19450902,0,0,8,0,0,0,0,lru,6237532,0,32,0,3,0,0,19450902,0,0,0,0,0,0,1,0,0,0,1,0,158943,0,0,lru,0,0,16,21724984,3,5644327,0,31789170,0,0,0,3120511,26144843,3,1,6237532,0,1,32,1,448660,0,0,lru,407532,0,128,1534194,10,5644327,434123,33606843,0,0,0,303759,21724984,10,4
19443845,0,0,8,0,0,0,0,lru,6230062,0,32,0,3,0,0,19443845,0,0,0,0,0,0,1,0,0,0,1,0,152606,0,0,lru,0,0,32,21371244,3,5648188,0,31838021,0,0,0,2776726,26189833,3,1,6230062,0,1,32,1,447230,0,0,lru,406914,0,128,1536444,10,5648188,434428,33249494,0,0,0,304454,21371244,10,4
19436795,0,0,8,0,0,0,0,lru,6223102,0,32,0,3,0,0,19436795,0,0,0,0,0,0,1,0,0,0,1,0,149541,0,0,lru,0,0,64,21089322,3,5651453,0,31883121,0,0,0,2768784,26231668,3,1,6223102,0,1,32,1,446090,0,0,lru,406158,0,128,1538645,10,5651453,434646,32963877,0,0,0,304966,21089322,10,4
21671898,0,0,1,0,0,0,0,lru,21582507,0,32,0,3,0,0,21671898,0,0,0,0,0,0,1,0,0,0,2,0,44910,0,0,lru,0,0,16,8017811,3,4035774,0,14077702,0,0,0,2053068,10041928,3,1,21582507,0,1,4,1,149670,0,0,lru,6049502,0,128,5972814,10,4035774,2026269,33636092,0,0,0,1944314,8017811,10,4
21672228,0,0,1,0,0,0,0,lru,21582676,0,32,0,3,0,0,21672228,0,0,0,0,0,0,1,0,0,0,2,0,45150,0,0,lru,0,0,32,9832620,3,4036010,0,14078700,0,0,0,3911379,10042690,3,1,21582676,0,1,4,1,150470,0,0,lru,6050057,0,128,5960545,10,4036010,2026427,35451306,0,0,0,1958280,9832620,10,4
21671590,0,0,1,0,0,0,0,lru,21582342,0,32,0,3,0,0,21671590,0,0,0,0,0,0,1,0,0,0,2,0,44670,0,0,lru,0,0,64,6037279,3,4035550,0,14076711,0,0,0,145777,10041161,3,1,21582342,0,1,4,1,148870,0,0,lru,6048230,0,128,5962198,10,4035550,2025372,31655171,0,0,0,1953112,6037279,10,4
19839013,0,0,1,0,0,0,0,lru,19700557,0,32,0,3,0,0,19839013,0,0,0,0,0,0,1,0,0,0,2,0,177837,0,0,lru,0,0,16,14979017,3,5431638,0,29111535,0,0,0,2078661,23679897,3,1,19700557,0,1,8,1,501330,0,0,lru,699181,0,128,1646769,10,5431638,453883,40111212,0,0,0,298906,14979017,10,4
19877094,0,0,1,0,0,0,0,lru,19737091,0,32,0,3,0,0,19877094,0,0,0,0,0,0,1,0,0,0,2,0,173694,0,0,lru,0,0,32,16756056,3,5410704,0,28848971,0,0,0,2945465,23438267,3,1,19737091,0,1,8,1,508040,0,0,lru,698386,0,128,1631719,10,5410704,454036,41903851,0,0,0,297763,16756056,10,4
19830352,0,0,1,0,0,0,0,lru,19692199,0,32,0,3,0,0,19830352,0,0,0,0,0,0,1,0,0,0,2,0,167682,0,0,lru,0,0,64,14688029,3,5436669,0,29172548,0,0,0,740322,23735879,3,1,19692199,0,1,8,1,586750,0,0,lru,693611,0,128,1647478,10,5436669,454470,39816897,0,0,0,300440,14688029,10,4
19677548,0,0,1,0,0,0,0,lru,19544819,0,32,0,3,0,0,19677548,0,0,0,0,0,0,1,0,0,0,2,0,171561,0,0,lru,0,0,16,15488279,3,5521111,0,30234461,0,0,0,2066882,24713350,3,1,19544819,0,1,16,1,480680,0,0,lru,475657,0,128,1549890,10,5521111,441551,40554209,0,0,0,295279,15488279,10,4
19716822,0,0,1,0,0,0,0,lru,19582445,0,32,0,3,0,0,19716822,0,0,0,0,0,0,1,0,0,0,2,0,166907,0,0,lru,0,0,32,17282246,3,5499698,0,29964865,0,0,0,2864179,24465167,3,1,19582445,0,1,16,1,486500,0,0,lru,478200,0,128,1537122,10,5499698,439825,42364389,0,0,0,291899,17282246,10,4
19672579,0,0,1,0,0,0,0,lru,19540190,0,32,0,3,0,0,19672579,0,0,0,0,0,0,1,0,0,0,2,0,161082,0,0,lru,0,0,64,15309957,3,5523402,0,30266193,0,0,0,762318,24742791,3,1,19540190,0,1,16,1,482630,0,0,lru,474244,0,128,1550515,10,5523402,441575,40373549,0,0,0,295750,15309957,10,4
19585949,0,0,1,0,0,0,0,lru,19457018,0,32,0,3,0,0,19585949,0,0,0,0,0,0,1,0,0,0,2,0,164265,0,0,lru,0,0,16,15761327,3,5568956,0,30845645,0,0,0,2057618,25276689,3,1,19457018,0,1,32,1,466110,0,0,lru,380007,0,128,1487156,10,5568956,427159,40787301,0,0,0,291452,15761327,10,4
19625237,0,0,1,0,0,0,0,lru,19494740,0,32,0,3,0,0,19625237,0,0,0,0,0,0,1,0,0,0,2,0,160939,0,0,lru,0,0,32,17569805,3,5547519,0,30574302,0,0,0,2820274,25026783,3,1,19494740,0,1,32,1,472280,0,0,lru,382841,0,128,1474052,10,5547519,425352,42612064,0,0,0,288053,17569805,10,4
19585523,0,0,1,0,0,0,0,lru,19456429,0,32,0,3,0,0,19585523,0,0,0,0,0,0,1,0,0,0,2,0,156555,0,0,lru,0,0,64,15637861,3,5569255,0,30850107,0,0,0,771083,25280852,3,1,19456429,0,1,32,1,466690,0,0,lru,380895,0,128,1487827,10,5569255,427409,40663545,0,0,0,291663,15637861,10,4
21668051,0,0,2,0,0,0,0,lru,21541134,0,32,0,3,0,0,21668051,0,0,0,0,0,0,1,0,0,0,2,0,44940,0,0,lru,0,0,16,8022847,3,4038316,0,14086554,0,0,0,2054360,10048238,3,1,21541134,0,1,4,1,149770,0,0,lru,6060299,0,128,5976564,10,4038316,2024549,33602297,0,0,0,1942545,8022847,10,4
21668364,0,0,2,0,0,0,0,lru,21541266,0,32,0,3,0,0,21668364,0,0,0,0,0,0,1,0,0,0,2,0,45165,0,0,lru,0,0,32,9838807,3,4038532,0,14087493,0,0,0,3913854,10048961,3,1,21541266,0,1,4,1,150520,0,0,lru,6060827,0,128,5964284,10,4038532,2024682,35418605,0,0,0,1956505,9838807,10,4
21667742,0,0,2,0,0,0,0,lru,21540991,0,32,0,3,0,0,21667742,0,0,0,0,0,0,1,0,0,0,2,0,44700,0,0,lru,0,0,64,6041068,3,4038093,0,14085565,0,0,0,145867,10047472,3,1,21540991,0,1,4,1,148970,0,0,lru,6059030,0,128,5965942,10,4038093,2023667,31620152,0,0,0,1951365,6041068,10,4
19831934,0,0,2,0,0,0,0,lru,19278758,0,32,0,3,0,0,19831934,0,0,0,0,0,0,1,0,0,0,2,0,177423,0,0,lru,0,0,16,15001487,3,5435346,0,29160792,0,0,0,2078007,23725446,3,1,19278758,0,1,8,1,500110,0,0,lru,700038,0,128,1649364,10,5435346,454235,39715591,0,0,0,299553,15001487,10,4
19868845,0,0,2,0,0,0,0,lru,19311438,0,32,0,3,0,0,19868845,0,0,0,0,0,0,1,0,0,0,2,0,172776,0,0,lru,0,0,32,16781095,3,5414912,0,28903497,0,0,0,2941251,23488585,3,1,19311438,0,1,8,1,505810,0,0,lru,698705,0,128,1634418,10,5414912,454268,41507445,0,0,0,298410,16781095,10,4
19822026,0,0,2,0,0,0,0,lru,19269311,0,32,0,3,0,0,19822026,0,0,0,0,0,0,1,0,0,0,2,0,166749,0,0,lru,0,0,64,14722444,3,5441757,0,29233496,0,0,0,741464,23791739,3,1,19269311,0,1,8,1,585750,0,0,lru,693429,0,128,1650265,10,5441757,454722,39433512,0,0,0,301016,14722444,10,4
19669616,0,0,2,0,0,0,0,lru,19134772,0,32,0,3,0,0,19669616,0,0,0,0,0,0,1,0,0,0,2,0,171321,0,0,lru,0,0,16,15512164,3,5525162,0,30287236,0,0,0,2066260,24762074,3,1,19134772,0,1,16,1,479310,0,0,lru,475806,0,128,1552279,10,5525162,441691,40172098,0,0,0,295841,15512164,10,4
19709772,0,0,2,0,0,0,0,lru,19170002,0,32,0,3,0,0,19709772,0,0,0,0,0,0,1,0,0,0,2,0,166917,0,0,lru,0,0,32,17306113,3,5503474,0,30012992,0,0,0,2860869,24509518,3,1,19170002,0,1,16,1,485670,0,0,lru,478718,0,128,1539223,10,5503474,440222,41979589,0,0,0,292641,17306113,10,4
19665029,0,0,2,0,0,0,0,lru,19130711,0,32,0,3,0,0,19665029,0,0,0,0,0,0,1,0,0,0,2,0,160998,0,0,lru,0,0,64,15339439,3,5527514,0,30318477,0,0,0,763511,24790963,3,1,19130711,0,1,16,1,481650,0,0,lru,474647,0,128,1553306,10,5527514,441910,39997664,0,0,0,296404,15339439,10,4
19579379,0,0,2,0,0,0,0,lru,19054632,0,32,0,3,0,0,19579379,0,0,0,0,0,0,1,0,0,0,2,0,165252,0,0,lru,0,0,16,15782896,3,5572578,0,30892228,0,0,0,2057744,25319650,3,1,19054632,0,1,32,1,465920,0,0,lru,380111,0,128,1489774,10,5572578,427596,40410106,0,0,0,292162,15782896,10,4
19617956,0,0,2,0,0,0,0,lru,19088537,0,32,0,3,0,0,19617956,0,0,0,0,0,0,1,0,0,0,2,0,160567,0,0,lru,0,0,32,17594251,3,5551690,0,30625680,0,0,0,2816596,25073990,3,1,19088537,0,1,32,1,471420,0,0,lru,382839,0,128,1476502,10,5551690,425689,42234478,0,0,0,288700,17594251,10,4
19577222,0,0,2,0,0,0,0,lru,19052424,0,32,0,3,0,0,19577222,0,0,0,0,0,0,1,0,0,0,2,0,156411,0,0,lru,0,0,64,15671027,3,5573907,0,30908134,0,0,0,772604,25334227,3,1,19052424,0,1,32,1,465880,0,0,lru,380093,0,128,1490899,10,5573907,427818,40297358,0,0,0,292375,15671027,10,4
21674159,0,0,4,0,0,0,0,lru,19618582,0,32,0,3,0,0,21674159,0,0,0,0,0,0,1,0,0,0,2,0,49215,0,0,lru,0,0,16,8031143,3,4042035,0,14103848,0,0,0,2055997,10061813,3,1,19618582,0,1,4,1,164020,0,0,lru,7935436,0,128,5978782,10,4042035,2026776,31691760,0,0,0,1940721,8031143,10,4
21674502,0,0,4,0,0,0,0,lru,19618808,0,32,0,3,0,0,21674502,0,0,0,0,0,0,1,0,0,0,2,0,49440,0,0,lru,0,0,32,9839419,3,4042224,0,14104746,0,0,0,3909707,10062522,3,1,19618808,0,1,4,1,164770,0,0,lru,7935740,0,128,5964561,10,4042224,2026901,33500451,0,0,0,1955707,9839419,10,4
21673805,0,0,4,0,0,0,0,lru,19618333,0,32,0,3,0,0,21673805,0,0,0,0,0,0,1,0,0,0,2,0,48975,0,0,lru,0,0,64,6048469,3,4041853,0,14102909,0,0,0,150187,10061056,3,1,19618333,0,1,4,1,163220,0,0,lru,7934318,0,128,5967919,10,4041853,2025843,29708655,0,0,0,1950052,6048469,10,4
19783431,0,0,4,0,0,0,0,lru,16048238,0,32,0,3,0,0,19783431,0,0,0,0,0,0,1,0,0,0,2,0,174348,0,0,lru,0,0,16,15155942,3,5463206,0,29502179,0,0,0,2074831,24038973,3,1,16048238,0,1,8,1,493710,0,0,lru,739995,0,128,1662629,10,5463206,456020,36667386,0,0,0,303393,15155942,10,4
19820427,0,0,4,0,0,0,0,lru,16104720,0,32,0,3,0,0,19820427,0,0,0,0,0,0,1,0,0,0,2,0,170846,0,0,lru,0,0,32,16941640,3,5442449,0,29243208,0,0,0,2917178,23800759,3,1,16104720,0,1,8,1,500230,0,0,lru,738752,0,128,1648946,10,5442449,454778,38488809,0,0,0,300970,16941640,10,4
19776541,0,0,4,0,0,0,0,lru,16037645,0,32,0,3,0,0,19776541,0,0,0,0,0,0,1,0,0,0,2,0,165030,0,0,lru,0,0,64,14901944,3,5466847,0,29549339,0,0,0,747856,24082492,3,1,16037645,0,1,8,1,578960,0,0,lru,736558,0,128,1663332,10,5466847,456402,36406436,0,0,0,304688,14901944,10,4
19598639,0,0,4,0,0,0,0,lru,15773207,0,32,0,3,0,0,19598639,0,0,0,0,0,0,1,0,0,0,2,0,167130,0,0,lru,0,0,16,15722143,3,5561870,0,30758014,0,0,0,2059535,25196144,3,1,15773207,0,1,16,1,468900,0,0,lru,473046,0,128,1573624,10,5561870,444708,37057220,0,0,0,301903,15722143,10,4
19636046,0,0,4,0,0,0,0,lru,15829202,0,32,0,3,0,0,19636046,0,0,0,0,0,0,1,0,0,0,2,0,162191,0,0,lru,0,0,32,17533715,3,5541509,0,30498586,0,0,0,2825803,24957077,3,1,15829202,0,1,16,1,474080,0,0,lru,474079,0,128,1560356,10,5541509,442889,38904426,0,0,0,298617,17533715,10,4
19595455,0,0,4,0,0,0,0,lru,15768440,0,32,0,3,0,0,19595455,0,0,0,0,0,0,1,0,0,0,2,0,157671,0,0,lru,0,0,64,15598139,3,5563461,0,30779480,0,0,0,770251,25216019,3,1,15768440,0,1,16,1,471960,0,0,lru,472068,0,128,1574314,10,5563461,444713,36930040,0,0,0,302211,15598139,10,4
19514304,0,0,4,0,0,0,0,lru,15644500,0,32,0,3,0,0,19514304,0,0,0,0,0,0,1,0,0,0,2,0,163065,0,0,lru,0,0,16,15990527,3,5609621,0,31350478,0,0,0,2053195,25740857,3,1,15644500,0,1,32,1,458510,0,0,lru,375306,0,128,1513104,10,5609621,431355,37244648,0,0,0,298281,15990527,10,4
19554287,0,0,4,0,0,0,0,lru,15705529,0,32,0,3,0,0,19554287,0,0,0,0,0,0,1,0,0,0,2,0,159172,0,0,lru,0,0,32,17805174,3,5587309,0,31071949,0,0,0,2784005,25484640,3,1,15705529,0,1,32,1,464020,0,0,lru,379410,0,128,1499513,10,5587309,429345,39098012,0,0,0,294676,17805174,10,4
19513373,0,0,4,0,0,0,0,lru,15643199,0,32,0,3,0,0,19513373,0,0,0,0,0,0,1,0,0,0,2,0,154368,0,0,lru,0,0,64,15927076,3,5610748,0,31359942,0,0,0,782114,25749194,3,1,15643199,0,1,32,1,458990,0,0,lru,375652,0,128,1513908,10,5610748,431582,37181023,0,0,0,298473,15927076,10,4
21665554,0,0,8,0,0,0,0,lru,8279365,0,32,0,3,0,0,21665554,0,0,0,0,0,0,1,0,0,0,2,0,43245,0,0,lru,0,0,16,8020324,3,4036852,0,14081092,0,0,0,2053643,10044240,3,1,8279365,0,1,4,1,144120,0,0,lru,6034659,0,128,5968051,10,4036852,2021448,20336541,0,0,0,1941043,8020324,10,4
21665925,0,0,8,0,0,0,0,lru,8280734,0,32,0,3,0,0,21665925,0,0,0,0,0,0,1,0,0,0,2,0,43485,0,0,lru,0,0,32,9839443,3,4037049,0,14082005,0,0,0,3915525,10044956,3,1,8280734,0,1,4,1,144920,0,0,lru,6035162,0,128,5955485,10,4037049,2021573,22157226,0,0,0,1954636,9839443,10,4
21665246,0,0,8,0,0,0,0,lru,8278197,0,32,0,3,0,0,21665246,0,0,0,0,0,0,1,0,0,0,2,0,43035,0,0,lru,0,0,64,6039120,3,4036693,0,14080260,0,0,0,144179,10043567,3,1,8278197,0,1,4,1,143420,0,0,lru,6034233,0,128,5963539,10,4036693,2021349,18354010,0,0,0,1950412,6039120,10,4
19594305,0,0,8,0,0,0,0,lru,6384935,0,32,0,3,0,0,19594305,0,0,0,0,0,0,1,0,0,0,2,0,166542,0,0,lru,0,0,16,15735815,3,5564433,0,30788634,0,0,0,2059044,25224201,3,1,6384935,0,1,8,1,468230,0,0,lru,796330,0,128,1678551,10,5564433,462136,27685183,0,0,0,317990,15735815,10,4
19628498,0,0,8,0,0,0,0,lru,6417904,0,32,0,3,0,0,19628498,0,0,0,0,0,0,1,0,0,0,2,0,160122,0,0,lru,0,0,32,17557342,3,5545147,0,30547106,0,0,0,2822040,25001959,3,1,6417904,0,1,8,1,471640,0,0,lru,791094,0,128,1665418,10,5545147,460541,29520393,0,0,0,315212,17557342,10,4
19589092,0,0,8,0,0,0,0,lru,6378196,0,32,0,3,0,0,19589092,0,0,0,0,0,0,1,0,0,0,2,0,156024,0,0,lru,0,0,64,15623610,3,5567580,0,30825348,0,0,0,770094,25257768,3,1,6378196,0,1,8,1,550420,0,0,lru,792202,0,128,1678205,10,5567580,462267,27569386,0,0,0,318927,15623610,10,4
19437021,0,0,8,0,0,0,0,lru,6224010,0,32,0,3,0,0,19437021,0,0,0,0,0,0,1,0,0,0,2,0,158931,0,0,lru,0,0,16,16231361,3,5651351,0,31881450,0,0,0,2047161,26230099,3,1,6224010,0,1,16,1,446480,0,0,lru,534315,0,128,1626783,10,5651351,451532,28106722,0,0,0,315704,16231361,10,4
19475759,0,0,8,0,0,0,0,lru,6263428,0,32,0,3,0,0,19475759,0,0,0,0,0,0,1,0,0,0,2,0,154476,0,0,lru,0,0,32,18060957,3,5629966,0,31612263,0,0,0,2744695,25982297,3,1,6263428,0,1,16,1,451440,0,0,lru,535995,0,128,1613819,10,5629966,449665,29954351,0,0,0,312331,18060957,10,4
19437036,0,0,8,0,0,0,0,lru,6223831,0,32,0,3,0,0,19437036,0,0,0,0,0,0,1,0,0,0,2,0,150114,0,0,lru,0,0,64,16224276,3,5651396,0,31881779,0,0,0,791903,26230383,3,1,6223831,0,1,16,1,450100,0,0,lru,534106,0,128,1626755,10,5651396,451556,28099503,0,0,0,315862,16224276,10,4
19339345,0,0,8,0,0,0,0,lru,6124509,0,32,0,3,0,0,19339345,0,0,0,0,0,0,1,0,0,0,2,0,154365,0,0,lru,0,0,16,16538205,3,5705361,0,32558992,0,0,0,2039690,26853631,3,1,6124509,0,1,32,1,433100,0,0,lru,399757,0,128,1572034,10,5705361,439525,28368075,0,0,0,313811,16538205,10,4
19381031,0,0,8,0,0,0,0,lru,6167137,0,32,0,3,0,0,19381031,0,0,0,0,0,0,1,0,0,0,2,0,150989,0,0,lru,0,0,32,18374618,3,5683752,0,32278052,0,0,0,2696891,26594300,3,1,6167137,0,1,32,1,440640,0,0,lru,404434,0,128,1558771,10,5683752,437901,30225507,0,0,0,310318,18374618,10,4
19341076,0,0,8,0,0,0,0,lru,6125976,0,32,0,3,0,0,19341076,0,0,0,0,0,0,1,0,0,0,2,0,145800,0,0,lru,0,0,64,16602195,3,5704706,0,32548141,0,0,0,804933,26843435,3,1,6125976,0,1,32,1,433460,0,0,lru,399827,0,128,1571493,10,5704706,439476,28432877,0,0,0,313711,16602195,10,4
21671814,0,0,1,0,0,0,0,lru,21582463,0,32,0,3,0,0,21671814,0,0,0,0,0,0,1,0,0,0,4,0,44850,0,0,lru,0,0,16,7945126,3,4035716,0,14077475,0,0,0,2015026,10041759,3,1,21582463,0,1,4,1,149470,0,0,lru,6045307,0,128,5939184,10,4035716,2025470,33563305,0,0,0,1959807,7945126,10,4
21671544,0,0,1,0,0,0,0,lru,21582316,0,32,0,3,0,0,21671544,0,0,0,0,0,0,1,0,0,0,4,0,44640,0,0,lru,0,0,32,6013745,3,4035527,0,14076620,0,0,0,127829,10041093,3,1,21582316,0,1,4,1,148770,0,0,lru,6047844,0,128,5941398,10,4035527,2025353,31631588,0,0,0,1959078,6013745,10,4
21664756,0,0,1,0,0,0,0,lru,21578578,0,32,0,3,0,0,21664756,0,0,0,0,0,0,1,0,0,0,4,0,39840,0,0,lru,0,0,64,4097529,3,4031269,0,14057580,0,0,0,111741,10026311,3,1,21578578,0,1,4,1,132770,0,0,lru,6036998,0,128,4060959,10,4031269,2021932,29707376,0,0,0,1954941,4097529,10,4
19795860,0,0,1,0,0,0,0,lru,19658938,0,32,0,3,0,0,19795860,0,0,0,0,0,0,1,0,0,0,4,0,175914,0,0,lru,0,0,16,13339289,3,5455659,0,29412658,0,0,0,1857058,23956999,3,1,19658938,0,1,8,1,508240,0,0,lru,687203,0,128,1647895,10,5455659,457282,38453886,0,0,0,304583,13339289,10,4
19784649,0,0,1,0,0,0,0,lru,19648131,0,32,0,3,0,0,19784649,0,0,0,0,0,0,1,0,0,0,4,0,169676,0,0,lru,0,0,32,13238972,3,5461759,0,29489955,0,0,0,726109,24028196,3,1,19648131,0,1,8,1,628630,0,0,lru,684656,0,128,1630416,10,5461759,458209,38348862,0,0,0,306854,13238972,10,4
19672824,0,0,1,0,0,0,0,lru,19540963,0,32,0,3,0,0,19672824,0,0,0,0,0,0,1,0,0,0,4,0,159252,0,0,lru,0,0,64,6410451,3,5522770,0,30258645,0,0,0,539163,24735875,3,1,19540963,0,1,8,1,590980,0,0,lru,675616,0,128,1762976,10,5522770,459799,31474184,0,0,0,315216,6410451,10,4
19630959,0,0,1,0,0,0,0,lru,19500263,0,32,0,3,0,0,19630959,0,0,0,0,0,0,1,0,0,0,4,0,168009,0,0,lru,0,0,16,13716405,3,5543989,0,30533134,0,0,0,1829763,24989145,3,1,19500263,0,1,16,1,494650,0,0,lru,468679,0,128,1561181,10,5543989,443155,38760657,0,0,0,299030,13716405,10,4
19629574,0,0,1,0,0,0,0,lru,19498924,0,32,0,3,0,0,19629574,0,0,0,0,0,0,1,0,0,0,4,0,161947,0,0,lru,0,0,32,13717525,3,5545008,0,30544112,0,0,0,746351,24999104,3,1,19498924,0,1,16,1,533790,0,0,lru,469116,0,128,1555823,10,5545008,443302,38761457,0,0,0,299551,13717525,10,4
19489873,0,0,1,0,0,0,0,lru,19364410,0,32,0,3,0,0,19489873,0,0,0,0,0,0,1,0,0,0,4,0,153024,0,0,lru,0,0,64,6542551,3,5622023,0,31514270,0,0,0,549550,25892247,3,1,19364410,0,1,16,1,511970,0,0,lru,458289,0,128,1637148,10,5622023,451275,31528984,0,0,0,312119,6542551,10,4
19548447,0,0,1,0,0,0,0,lru,19420685,0,32,0,3,0,0,19548447,0,0,0,0,0,0,1,0,0,0,4,0,163998,0,0,lru,0,0,16,13911038,3,5590151,0,31109228,0,0,0,1815808,25519077,3,1,19420685,0,1,32,1,462190,0,0,lru,377722,0,128,1500725,10,5590151,429289,38921874,0,0,0,294984,13911038,10,4
19547947,0,0,1,0,0,0,0,lru,19420294,0,32,0,3,0,0,19547947,0,0,0,0,0,0,1,0,0,0,4,0,157351,0,0,lru,0,0,32,13976365,3,5590063,0,31110862,0,0,0,757107,25520799,3,1,19420294,0,1,32,1,461350,0,0,lru,377326,0,128,1498802,10,5590063,429181,38986722,0,0,0,295066,13976365,10,4
19396043,0,0,1,0,0,0,0,lru,19274163,0,32,0,3,0,0,19396043,0,0,0,0,0,0,1,0,0,0,4,0,147588,0,0,lru,0,0,64,6612801,3,5673930,0,32165282,0,0,0,554685,26491352,3,1,19274163,0,1,32,1,440200,0,0,lru,364565,0,128,1567029,10,5673930,436737,31560894,0,0,0,308894,6612801,10,4
21667948,0,0,2,0,0,0,0,lru,21541091,0,32,0,3,0,0,21667948,0,0,0,0,0,0,1,0,0,0,4,0,44865,0,0,lru,0,0,16,7950114,3,4038241,0,14086272,0,0,0,2016292,10048031,3,1,21541091,0,1,4,1,149520,0,0,lru,6056076,0,128,5942927,10,4038241,2023745,33529446,0,0,0,1958051,7950114,10,4
21667677,0,0,2,0,0,0,0,lru,21540962,0,32,0,3,0,0,21667677,0,0,0,0,0,0,1,0,0,0,4,0,44655,0,0,lru,0,0,32,6017513,3,4038052,0,14085421,0,0,0,127895,10047369,3,1,21540962,0,1,4,1,148820,0,0,lru,6058616,0,128,5945135,10,4038052,2023643,31596527,0,0,0,1957336,6017513,10,4
21660903,0,0,2,0,0,0,0,lru,21537783,0,32,0,3,0,0,21660903,0,0,0,0,0,0,1,0,0,0,4,0,39870,0,0,lru,0,0,64,4100117,3,4033814,0,14066452,0,0,0,111808,10032638,3,1,21537783,0,1,4,1,132870,0,0,lru,6047831,0,128,4063521,10,4033814,2020553,29671714,0,0,0,1953520,4100117,10,4
19788820,0,0,2,0,0,0,0,lru,19240464,0,32,0,3,0,0,19788820,0,0,0,0,0,0,1,0,0,0,4,0,176844,0,0,lru,0,0,16,13356332,3,5459681,0,29462467,0,0,0,1856831,24002786,3,1,19240464,0,1,8,1,508190,0,0,lru,687971,0,128,1650400,10,5459681,457605,38056477,0,0,0,305219,13356332,10,4
19777406,0,0,2,0,0,0,0,lru,19230320,0,32,0,3,0,0,19777406,0,0,0,0,0,0,1,0,0,0,4,0,169259,0,0,lru,0,0,32,13263442,3,5465810,0,29541302,0,0,0,726963,24075492,3,1,19230320,0,1,8,1,628570,0,0,lru,685344,0,128,1633038,10,5465810,458492,37959572,0,0,0,307414,13263442,10,4
19658079,0,0,2,0,0,0,0,lru,19124600,0,32,0,3,0,0,19658079,0,0,0,0,0,0,1,0,0,0,4,0,158550,0,0,lru,0,0,64,6414470,3,5528765,0,30341838,0,0,0,537933,24813073,3,1,19124600,0,1,8,1,588780,0,0,lru,672792,0,128,1765245,10,5528765,459759,31067835,0,0,0,315704,6414470,10,4
19622640,0,0,2,0,0,0,0,lru,19092941,0,32,0,3,0,0,19622640,0,0,0,0,0,0,1,0,0,0,4,0,167412,0,0,lru,0,0,16,13735938,3,5548778,0,30590995,0,0,0,1828506,25042217,3,1,19092941,0,1,16,1,493450,0,0,lru,469427,0,128,1563724,10,5548778,443471,38377657,0,0,0,299727,13735938,10,4
19620610,0,0,2,0,0,0,0,lru,19090859,0,32,0,3,0,0,19620610,0,0,0,0,0,0,1,0,0,0,4,0,160875,0,0,lru,0,0,32,13746949,3,5550000,0,30606515,0,0,0,746716,25056515,3,1,19090859,0,1,16,1,533360,0,0,lru,469503,0,128,1558818,10,5550000,443436,38387808,0,0,0,300069,13746949,10,4
19481628,0,0,2,0,0,0,0,lru,18968091,0,32,0,3,0,0,19481628,0,0,0,0,0,0,1,0,0,0,4,0,152484,0,0,lru,0,0,64,6548690,3,5626814,0,31572729,0,0,0,549299,25945915,3,1,18968091,0,1,16,1,511100,0,0,lru,458541,0,128,1639700,10,5626814,451502,31143595,0,0,0,313041,6548690,10,4
19540077,0,0,2,0,0,0,0,lru,19019525,0,32,0,3,0,0,19540077,0,0,0,0,0,0,1,0,0,0,4,0,163653,0,0,lru,0,0,16,13930947,3,5594660,0,31167494,0,0,0,1815343,25572834,3,1,19019525,0,1,32,1,461050,0,0,lru,376876,0,128,1503671,10,5594660,429654,38545132,0,0,0,295711,13930947,10,4
19541629,0,0,2,0,0,0,0,lru,19020900,0,32,0,3,0,0,19541629,0,0,0,0,0,0,1,0,0,0,4,0,157836,0,0,lru,0,0,32,13998830,3,5594101,0,31157921,0,0,0,758858,25563820,3,1,19020900,0,1,32,1,461580,0,0,lru,377173,0,128,1501453,10,5594101,429751,38613831,0,0,0,295762,13998830,10,4
19390047,0,0,2,0,0,0,0,lru,18886976,0,32,0,3,0,0,19390047,0,0,0,0,0,0,1,0,0,0,4,0,147768,0,0,lru,0,0,64,6618314,3,5677846,0,32209802,0,0,0,555147,26531956,3,1,18886976,0,1,32,1,440130,0,0,lru,364508,0,128,1569538,10,5677846,437411,31183136,0,0,0,309675,6618314,10,4
21674068,0,0,4,0,0,0,0,lru,19618513,0,32,0,3,0,0,21674068,0,0,0,0,0,0,1,0,0,0,4,0,49155,0,0,lru,0,0,16,7952401,3,4041986,0,14103633,0,0,0,2015726,10061647,3,1,19618513,0,1,4,1,163820,0,0,lru,7934169,0,128,5943455,10,4041986,2025924,31612900,0,0,0,1957390,7952401,10,4
21673734,0,0,4,0,0,0,0,lru,19618286,0,32,0,3,0,0,21673734,0,0,0,0,0,0,1,0,0,0,4,0,48930,0,0,lru,0,0,32,6021830,3,4041816,0,14102770,0,0,0,130527,10060954,3,1,19618286,0,1,4,1,163070,0,0,lru,7933877,0,128,5945852,10,4041816,2025819,29681932,0,0,0,1956607,6021830,10,4
21666978,0,0,4,0,0,0,0,lru,19614017,0,32,0,3,0,0,21666978,0,0,0,0,0,0,1,0,0,0,4,0,44160,0,0,lru,0,0,64,4108326,3,4037598,0,14083731,0,0,0,115342,10046133,3,1,19614017,0,1,4,1,147170,0,0,lru,7928393,0,128,4068964,10,4037598,2022673,27759941,0,0,0,1952281,4108326,10,4
19739502,0,0,4,0,0,0,0,lru,15982108,0,32,0,3,0,0,19739502,0,0,0,0,0,0,1,0,0,0,4,0,172407,0,0,lru,0,0,16,13471648,3,5487268,0,29806115,0,0,0,1848015,24318847,3,1,15982108,0,1,8,1,500590,0,0,lru,729995,0,128,1666343,10,5487268,457794,34941024,0,0,0,307666,13471648,10,4
19724197,0,0,4,0,0,0,0,lru,15959555,0,32,0,3,0,0,19724197,0,0,0,0,0,0,1,0,0,0,4,0,166787,0,0,lru,0,0,32,13431297,3,5495639,0,29911479,0,0,0,734998,24415840,3,1,15959555,0,1,8,1,622880,0,0,lru,719295,0,128,1647872,10,5495639,458637,34886491,0,0,0,309936,13431297,10,4
19611925,0,0,4,0,0,0,0,lru,15792297,0,32,0,3,0,0,19611925,0,0,0,0,0,0,1,0,0,0,4,0,157143,0,0,lru,0,0,64,6448421,3,5554870,0,30666030,0,0,0,541294,25111160,3,1,15792297,0,1,8,1,583280,0,0,lru,720946,0,128,1781921,10,5554870,461905,27795588,0,0,0,319678,6448421,10,4
19555396,0,0,4,0,0,0,0,lru,15707395,0,32,0,3,0,0,19555396,0,0,0,0,0,0,1,0,0,0,4,0,164211,0,0,lru,0,0,16,13894214,3,5586086,0,31059293,0,0,0,1817605,25473207,3,1,15707395,0,1,16,1,484010,0,0,lru,466756,0,128,1586130,10,5586086,446398,35187695,0,0,0,305525,13894214,10,4
19555030,0,0,4,0,0,0,0,lru,15707072,0,32,0,3,0,0,19555030,0,0,0,0,0,0,1,0,0,0,4,0,158565,0,0,lru,0,0,32,13953826,3,5585946,0,31060516,0,0,0,756657,25474570,3,1,15707072,0,1,16,1,523280,0,0,lru,466449,0,128,1580474,10,5585946,446418,35246844,0,0,0,305899,13953826,10,4
19410438,0,0,4,0,0,0,0,lru,15488950,0,32,0,3,0,0,19410438,0,0,0,0,0,0,1,0,0,0,4,0,149352,0,0,lru,0,0,64,6602264,3,5665835,0,32065178,0,0,0,554231,26399343,3,1,15488950,0,1,16,1,499400,0,0,lru,456268,0,128,1664382,10,5665835,454545,27757049,0,0,0,318902,6602264,10,4
19471965,0,0,4,0,0,0,0,lru,15581196,0,32,0,3,0,0,19471965,0,0,0,0,0,0,1,0,0,0,4,0,161121,0,0,lru,0,0,16,14091438,3,5632688,0,31642967,0,0,0,1803687,26010279,3,1,15581196,0,1,32,1,452280,0,0,lru,371177,0,128,1527516,10,5632688,433277,35305322,0,0,0,302005,14091438,10,4
19475326,0,0,4,0,0,0,0,lru,15586129,0,32,0,3,0,0,19475326,0,0,0,0,0,0,1,0,0,0,4,0,156193,0,0,lru,0,0,32,14210105,3,5631342,0,31622953,0,0,0,768991,25991611,3,1,15586129,0,1,32,1,453740,0,0,lru,371620,0,128,1525277,10,5631342,433343,35427576,0,0,0,301914,14210105,10,4
19310341,0,0,4,0,0,0,0,lru,15339907,0,32,0,3,0,0,19310341,0,0,0,0,0,0,1,0,0,0,4,0,143934,0,0,lru,0,0,64,6669990,3,5719860,0,32740054,0,0,0,558396,27020194,3,1,15339907,0,1,32,1,429470,0,0,lru,357434,0,128,1595605,10,5719860,441122,27729757,0,0,0,316595,6669990,10,4
21665493,0,0,8,0,0,0,0,lru,8279165,0,32,0,3,0,0,21665493,0,0,0,0,0,0,1,0,0,0,4,0,43215,0,0,lru,0,0,16,7949858,3,4036837,0,14081072,0,0,0,2016516,10044235,3,1,8279165,0,1,4,1,144020,0,0,lru,6034578,0,128,5939928,10,4036837,2021428,20265860,0,0,0,1956851,7949858,10,4
21665169,0,0,8,0,0,0,0,lru,8277934,0,32,0,3,0,0,21665169,0,0,0,0,0,0,1,0,0,0,4,0,42990,0,0,lru,0,0,32,6016536,3,4036665,0,14080165,0,0,0,126913,10043500,3,1,8277934,0,1,4,1,143270,0,0,lru,6034133,0,128,5942079,10,4036665,2021324,18331135,0,0,0,1956171,6016536,10,4
21645408,0,0,8,0,0,0,0,lru,8200222,0,32,0,3,0,0,21645408,0,0,0,0,0,0,1,0,0,0,4,0,29010,0,0,lru,0,0,64,4079577,3,4024302,0,14024105,0,0,0,102810,9999803,3,1,8200222,0,1,4,1,96670,0,0,lru,6006264,0,128,4049227,10,4024302,116800,16304101,0,0,0,58252,4079577,10,4
19548504,0,0,8,0,0,0,0,lru,6338196,0,32,0,3,0,0,19548504,0,0,0,0,0,0,1,0,0,0,4,0,164328,0,0,lru,0,0,16,13910619,3,5589891,0,31107471,0,0,0,1816569,25517580,3,1,6338196,0,1,8,1,473450,0,0,lru,788243,0,128,1683131,10,5589891,464037,25838706,0,0,0,322102,13910619,10,4
19542706,0,0,8,0,0,0,0,lru,6331169,0,32,0,3,0,0,19542706,0,0,0,0,0,0,1,0,0,0,4,0,157270,0,0,lru,0,0,32,13994936,3,5593619,0,31150734,0,0,0,758171,25557115,3,1,6331169,0,1,8,1,590270,0,0,lru,785706,0,128,1669005,10,5593619,464398,25919724,0,0,0,323485,13994936,10,4
19429284,0,0,8,0,0,0,0,lru,6216095,0,32,0,3,0,0,19429284,0,0,0,0,0,0,1,0,0,0,4,0,149769,0,0,lru,0,0,64,6588762,3,5656151,0,31937442,0,0,0,552893,26281291,3,1,6216095,0,1,8,1,556970,0,0,lru,788079,0,128,1803663,10,5656151,469026,18461008,0,0,0,334773,6588762,10,4
19395859,0,0,8,0,0,0,0,lru,6182489,0,32,0,3,0,0,19395859,0,0,0,0,0,0,1,0,0,0,4,0,157155,0,0,lru,0,0,16,14269706,3,5674837,0,32171592,0,0,0,1792101,26496755,3,1,6182489,0,1,16,1,461640,0,0,lru,532131,0,128,1640383,10,5674837,453715,26127032,0,0,0,319523,14269706,10,4
19396680,0,0,8,0,0,0,0,lru,6182379,0,32,0,3,0,0,19396680,0,0,0,0,0,0,1,0,0,0,4,0,150806,0,0,lru,0,0,32,14456347,3,5674287,0,32163874,0,0,0,778854,26489587,3,1,6182379,0,1,16,1,498600,0,0,lru,531610,0,128,1633589,10,5674287,453387,26313013,0,0,0,319591,14456347,10,4
19237654,0,0,8,0,0,0,0,lru,6016949,0,32,0,3,0,0,19237654,0,0,0,0,0,0,1,0,0,0,4,0,139584,0,0,lru,0,0,64,6722034,3,5758622,0,33236341,0,0,0,561953,27477719,3,1,6016949,0,1,16,1,469030,0,0,lru,522019,0,128,1719597,10,5758622,461095,18497605,0,0,0,333306,6722034,10,4
19288545,0,0,8,0,0,0,0,lru,6068420,0,32,0,3,0,0,19288545,0,0,0,0,0,0,1,0,0,0,4,0,150117,0,0,lru,0,0,16,14508963,3,5731216,0,32886996,0,0,0,1774280,27155780,3,1,6068420,0,1,32,1,425100,0,0,lru,395366,0,128,1586501,10,5731216,441479,26308599,0,0,0,317968,14508963,10,4
19295321,0,0,8,0,0,0,0,lru,6077881,0,32,0,3,0,0,19295321,0,0,0,0,0,0,1,0,0,0,4,0,146190,0,0,lru,0,0,32,14764699,3,5727709,0,32843007,0,0,0,791559,27115298,3,1,6077881,0,1,32,1,427050,0,0,lru,396908,0,128,1583381,10,5727709,441518,26570289,0,0,0,317650,14764699,10,4
19129941,0,0,8,0,0,0,0,lru,5906869,0,32,0,3,0,0,19129941,0,0,0,0,0,0,1,0,0,0,4,0,134934,0,0,lru,0,0,64,6803082,3,5818533,0,33986020,0,0,0,568108,28167487,3,1,5906869,0,1,32,1,402690,0,0,lru,385039,0,128,1657017,10,5818533,449360,18528484,0,0,0,332515,6803082,10,4
21664771,0,0,1,0,0,0,0,lru,21578603,0,32,0,3,0,0,21664771,0,0,0,0,0,0,1,0,0,0,8,0,39825,0,0,lru,0,0,16,4144961,3,4031232,0,14057212,0,0,0,109124,10025980,3,1,21578603,0,1,4,1,132720,0,0,lru,6034141,0,128,4044950,10,4031232,2022564,29754796,0,0,0,1960524,4144961,10,4
21664622,0,0,1,0,0,0,0,lru,21578504,0,32,0,3,0,0,21664622,0,0,0,0,0,0,1,0,0,0,8,0,39750,0,0,lru,0,0,32,4067602,3,4031192,0,14057203,0,0,0,84445,10026011,3,1,21578504,0,1,4,1,132470,0,0,lru,6032147,0,128,4028194,10,4031192,2021235,29677298,0,0,0,1956094,4067602,10,4
21664559,0,0,1,0,0,0,0,lru,21578431,0,32,0,3,0,0,21664559,0,0,0,0,0,0,1,0,0,0,8,0,39765,0,0,lru,0,0,64,4057707,3,4031260,0,14057913,0,0,0,108186,10026653,3,1,21578431,0,1,4,1,662520,0,0,lru,6033335,0,128,4029894,10,4031260,2021862,29667398,0,0,0,1962606,4057707,10,4
19721503,0,0,1,0,0,0,0,lru,19587462,0,32,0,3,0,0,19721503,0,0,0,0,0,0,1,0,0,0,8,0,171366,0,0,lru,0,0,16,10393831,3,5496620,0,29927971,0,0,0,736523,24431351,3,1,19587462,0,1,8,1,618680,0,0,lru,675212,0,128,1651688,10,5496620,461490,35477913,0,0,0,314066,10393831,10,4
19613421,0,0,1,0,0,0,0,lru,19483732,0,32,0,3,0,0,19613421,0,0,0,0,0,0,1,0,0,0,8,0,159501,0,0,lru,0,0,32,5652931,3,5553807,0,30653094,0,0,0,491547,25099287,3,1,19483732,0,1,8,1,642670,0,0,lru,654217,0,128,1705912,10,5553807,462414,30690470,0,0,0,322500,5652931,10,4
19594661,0,0,1,0,0,0,0,lru,19465472,0,32,0,3,0,0,19594661,0,0,0,0,0,0,1,0,0,0,8,0,156327,0,0,lru,0,0,64,5226221,3,5564087,0,30784737,0,0,0,494384,25220650,3,1,19465472,0,1,8,1,796610,0,0,lru,646765,0,128,1688884,10,5564087,462356,30255780,0,0,0,330670,5226221,10,4
19569825,0,0,1,0,0,0,0,lru,19441483,0,32,0,3,0,0,19569825,0,0,0,0,0,0,1,0,0,0,8,0,164505,0,0,lru,0,0,16,10770127,3,5577898,0,30958191,0,0,0,757455,25380293,3,1,19441483,0,1,16,1,546600,0,0,lru,461811,0,128,1589994,10,5577898,445619,35789508,0,0,0,304562,10770127,10,4
19464179,0,0,1,0,0,0,0,lru,19339706,0,32,0,3,0,0,19464179,0,0,0,0,0,0,1,0,0,0,8,0,154366,0,0,lru,0,0,32,5718081,3,5636400,0,31693391,0,0,0,500660,26056991,3,1,19339706,0,1,16,1,560380,0,0,lru,455628,0,128,1625494,10,5636400,452252,30694187,0,0,0,316767,5718081,10,4
19459785,0,0,1,0,0,0,0,lru,19335384,0,32,0,3,0,0,19459785,0,0,0,0,0,0,1,0,0,0,8,0,151578,0,0,lru,0,0,64,5269058,3,5639012,0,31725079,0,0,0,503124,26086067,3,1,19335384,0,1,16,1,531960,0,0,lru,454879,0,128,1636014,10,5639012,452645,30243454,0,0,0,321743,5269058,10,4
19490535,0,0,1,0,0,0,0,lru,19364598,0,32,0,3,0,0,19490535,0,0,0,0,0,0,1,0,0,0,8,0,162501,0,0,lru,0,0,16,10975714,3,5622706,0,31515745,0,0,0,770706,25893039,3,1,19364598,0,1,32,1,455380,0,0,lru,372852,0,128,1529151,10,5622706,432534,35963018,0,0,0,300623,10975714,10,4
19378946,0,0,1,0,0,0,0,lru,19257281,0,32,0,3,0,0,19378946,0,0,0,0,0,0,1,0,0,0,8,0,151120,0,0,lru,0,0,32,5752819,3,5684504,0,32290508,0,0,0,505280,26606004,3,1,19257281,0,1,32,1,467040,0,0,lru,364159,0,128,1568813,10,5684504,438375,30694604,0,0,0,311101,5752819,10,4
19368879,0,0,1,0,0,0,0,lru,19247904,0,32,0,3,0,0,19368879,0,0,0,0,0,0,1,0,0,0,8,0,146649,0,0,lru,0,0,64,5291147,3,5689427,0,32356236,0,0,0,506866,26666809,3,1,19247904,0,1,32,1,439730,0,0,lru,362018,0,128,1574007,10,5689427,438270,30228478,0,0,0,314658,5291147,10,4
21660875,0,0,2,0,0,0,0,lru,21537792,0,32,0,3,0,0,21660875,0,0,0,0,0,0,1,0,0,0,8,0,39825,0,0,lru,0,0,16,4147528,3,4033747,0,14065979,0,0,0,109168,10032232,3,1,21537792,0,1,4,1,132720,0,0,lru,6041406,0,128,4047476,10,4033747,2021170,29719067,0,0,0,1959103,4147528,10,4
21660747,0,0,2,0,0,0,0,lru,21537711,0,32,0,3,0,0,21660747,0,0,0,0,0,0,1,0,0,0,8,0,39765,0,0,lru,0,0,32,4070156,3,4033721,0,14066021,0,0,0,84489,10032300,3,1,21537711,0,1,4,1,132520,0,0,lru,6042945,0,128,4030728,10,4033721,2019853,29641588,0,0,0,1954679,4070156,10,4
21660706,0,0,2,0,0,0,0,lru,21537644,0,32,0,3,0,0,21660706,0,0,0,0,0,0,1,0,0,0,8,0,39795,0,0,lru,0,0,64,4060263,3,4033804,0,14066787,0,0,0,108250,10032983,3,1,21537644,0,1,4,1,663020,0,0,lru,6044164,0,128,4032433,10,4033804,2020487,29631711,0,0,0,1961193,4060263,10,4
19715381,0,0,2,0,0,0,0,lru,19175129,0,32,0,3,0,0,19715381,0,0,0,0,0,0,1,0,0,0,8,0,172902,0,0,lru,0,0,16,10411994,3,5500653,0,29974895,0,0,0,738378,24474242,3,1,19175129,0,1,8,1,621580,0,0,lru,676829,0,128,1654832,10,5500653,462147,35087776,0,0,0,314836,10411994,10,4
19606289,0,0,2,0,0,0,0,lru,19078527,0,32,0,3,0,0,19606289,0,0,0,0,0,0,1,0,0,0,8,0,159387,0,0,lru,0,0,32,5656578,3,5557775,0,30703636,0,0,0,491870,25145861,3,1,19078527,0,1,8,1,643760,0,0,lru,655158,0,128,1708827,10,5557775,462834,30292880,0,0,0,323178,5656578,10,4
19586928,0,0,2,0,0,0,0,lru,19061289,0,32,0,3,0,0,19586928,0,0,0,0,0,0,1,0,0,0,8,0,156420,0,0,lru,0,0,64,5227453,3,5568324,0,30838981,0,0,0,495113,25270657,3,1,19061289,0,1,8,1,795760,0,0,lru,648215,0,128,1692160,10,5568324,462908,29857066,0,0,0,331483,5227453,10,4
19561208,0,0,2,0,0,0,0,lru,19038581,0,32,0,3,0,0,19561208,0,0,0,0,0,0,1,0,0,0,8,0,163707,0,0,lru,0,0,16,10792074,3,5582773,0,31018077,0,0,0,758828,25435304,3,1,19038581,0,1,16,1,544860,0,0,lru,461796,0,128,1592757,10,5582773,445923,35413428,0,0,0,305242,10792074,10,4
19455958,0,0,2,0,0,0,0,lru,18945213,0,32,0,3,0,0,19455958,0,0,0,0,0,0,1,0,0,0,8,0,154036,0,0,lru,0,0,32,5720129,3,5641125,0,31751270,0,0,0,501108,26110145,3,1,18945213,0,1,16,1,559700,0,0,lru,456590,0,128,1628825,10,5641125,452646,30306467,0,0,0,317444,5720129,10,4
19452261,0,0,2,0,0,0,0,lru,18942248,0,32,0,3,0,0,19452261,0,0,0,0,0,0,1,0,0,0,8,0,151023,0,0,lru,0,0,64,5268962,3,5643035,0,31776269,0,0,0,502346,26133234,3,1,18942248,0,1,16,1,530680,0,0,lru,455243,0,128,1638320,10,5643035,452703,29854245,0,0,0,322780,5268962,10,4
19479398,0,0,2,0,0,0,0,lru,18965880,0,32,0,3,0,0,19479398,0,0,0,0,0,0,1,0,0,0,8,0,160416,0,0,lru,0,0,16,11001551,3,5628059,0,31588122,0,0,0,771613,25960063,3,1,18965880,0,1,32,1,452170,0,0,lru,370390,0,128,1532051,10,5628059,432579,35595490,0,0,0,301316,11001551,10,4
19367790,0,0,2,0,0,0,0,lru,18867188,0,32,0,3,0,0,19367790,0,0,0,0,0,0,1,0,0,0,8,0,149293,0,0,lru,0,0,32,5757908,3,5690014,0,32363475,0,0,0,504975,26673461,3,1,18867188,0,1,32,1,463360,0,0,lru,361882,0,128,1571863,10,5690014,438492,30315110,0,0,0,311853,5757908,10,4
19360670,0,0,2,0,0,0,0,lru,18861186,0,32,0,3,0,0,19360670,0,0,0,0,0,0,1,0,0,0,8,0,146745,0,0,lru,0,0,64,5292263,3,5693636,0,32411502,0,0,0,507287,26717866,3,1,18861186,0,1,32,1,438730,0,0,lru,361205,0,128,1576795,10,5693636,438564,29847085,0,0,0,315281,5292263,10,4
21660490,0,0,4,0,0,0,0,lru,19609956,0,32,0,3,0,0,21660490,0,0,0,0,0,0,1,0,0,0,8,0,39570,0,0,lru,0,0,16,4146977,3,4033529,0,14064925,0,0,0,108963,10031396,3,1,19609956,0,1,4,1,131870,0,0,lru,6034689,0,128,4047182,10,4033529,2021037,27790462,0,0,0,1959121,4146977,10,4
21666858,0,0,4,0,0,0,0,lru,19613952,0,32,0,3,0,0,21666858,0,0,0,0,0,0,1,0,0,0,8,0,44070,0,0,lru,0,0,32,4073190,3,4037509,0,14083330,0,0,0,86645,10045821,3,1,19613952,0,1,4,1,146870,0,0,lru,7926082,0,128,4033038,10,4037509,2021917,27724651,0,0,0,1953947,4073190,10,4
21666782,0,0,4,0,0,0,0,lru,19613800,0,32,0,3,0,0,21666782,0,0,0,0,0,0,1,0,0,0,8,0,44085,0,0,lru,0,0,64,4063978,3,4037587,0,14084141,0,0,0,111774,10046554,3,1,19613800,0,1,4,1,734520,0,0,lru,7927190,0,128,4034599,10,4037587,2022607,27715365,0,0,0,1960596,4063978,10,4
19647700,0,0,4,0,0,0,0,lru,15846368,0,32,0,3,0,0,19647700,0,0,0,0,0,0,1,0,0,0,8,0,168321,0,0,lru,0,0,16,10572553,3,5535275,0,30418422,0,0,0,746467,24883147,3,1,15846368,0,1,8,1,607980,0,0,lru,695534,0,128,1672933,10,5535275,461426,31954196,0,0,0,317072,10572553,10,4
19552681,0,0,4,0,0,0,0,lru,15702877,0,32,0,3,0,0,19552681,0,0,0,0,0,0,1,0,0,0,8,0,157136,0,0,lru,0,0,32,5680100,3,5587261,0,31076587,0,0,0,495056,25489326,3,1,15702877,0,1,8,1,636950,0,0,lru,695071,0,128,1726585,10,5587261,464128,26970238,0,0,0,326683,5680100,10,4
19530997,0,0,4,0,0,0,0,lru,15670160,0,32,0,3,0,0,19530997,0,0,0,0,0,0,1,0,0,0,8,0,153540,0,0,lru,0,0,64,5246753,3,5599630,0,31229011,0,0,0,498230,25629381,3,1,15670160,0,1,8,1,783730,0,0,lru,680341,0,128,1712372,10,5599630,464499,26516543,0,0,0,335384,5246753,10,4
19494879,0,0,4,0,0,0,0,lru,15616812,0,32,0,3,0,0,19494879,0,0,0,0,0,0,1,0,0,0,8,0,162372,0,0,lru,0,0,16,10961520,3,5618903,0,31477484,0,0,0,769872,25858581,3,1,15616812,0,1,16,1,535170,0,0,lru,459745,0,128,1616132,10,5618903,449186,32197235,0,0,0,311340,10961520,10,4
19383126,0,0,4,0,0,0,0,lru,15447205,0,32,0,3,0,0,19383126,0,0,0,0,0,0,1,0,0,0,8,0,150693,0,0,lru,0,0,32,5751185,3,5681160,0,32255696,0,0,0,504851,26574536,3,1,15447205,0,1,16,1,547100,0,0,lru,452977,0,128,1653503,10,5681160,455662,26879550,0,0,0,323658,5751185,10,4
19377758,0,0,4,0,0,0,0,lru,15438992,0,32,0,3,0,0,19377758,0,0,0,0,0,0,1,0,0,0,8,0,147252,0,0,lru,0,0,64,5290907,3,5684080,0,32292108,0,0,0,506973,26608028,3,1,15438992,0,1,16,1,517050,0,0,lru,450356,0,128,1664352,10,5684080,455899,26413979,0,0,0,328553,5290907,10,4
19410006,0,0,4,0,0,0,0,lru,15487611,0,32,0,3,0,0,19410006,0,0,0,0,0,0,1,0,0,0,8,0,156840,0,0,lru,0,0,16,11177554,3,5666334,0,32069095,0,0,0,781985,26402761,3,1,15487611,0,1,32,1,442300,0,0,lru,365568,0,128,1555975,10,5666334,435959,32331499,0,0,0,307582,11177554,10,4
19285364,0,0,4,0,0,0,0,lru,15302654,0,32,0,3,0,0,19285364,0,0,0,0,0,0,1,0,0,0,8,0,144105,0,0,lru,0,0,32,5784014,3,5732367,0,32905452,0,0,0,507187,27173085,3,1,15302654,0,1,32,1,449090,0,0,lru,354445,0,128,1596823,10,5732367,441829,26819035,0,0,0,318760,5784014,10,4
19278548,0,0,4,0,0,0,0,lru,15292314,0,32,0,3,0,0,19278548,0,0,0,0,0,0,1,0,0,0,8,0,141741,0,0,lru,0,0,64,5308704,3,5736362,0,32954434,0,0,0,509636,27218072,3,1,15292314,0,1,32,1,426040,0,0,lru,353875,0,128,1602203,10,5736362,442091,26337380,0,0,0,322164,5308704,10,4
21658380,0,0,8,0,0,0,0,lru,8251186,0,32,0,3,0,0,21658380,0,0,0,0,0,0,1,0,0,0,8,0,38175,0,0,lru,0,0,16,4144730,3,4032387,0,14060680,0,0,0,107954,10028293,3,1,8251186,0,1,4,1,127220,0,0,lru,6024551,0,128,4043266,10,4032387,2019025,16428303,0,0,0,1957982,4144730,10,4
21645311,0,0,8,0,0,0,0,lru,8199873,0,32,0,3,0,0,21645311,0,0,0,0,0,0,1,0,0,0,8,0,28950,0,0,lru,0,0,32,4062782,3,4024252,0,14023983,0,0,0,79112,9999731,3,1,8199873,0,1,4,1,96470,0,0,lru,6006134,0,128,4024844,10,4024252,116718,16286907,0,0,0,58531,4062782,10,4
21645320,0,0,8,0,0,0,0,lru,8199948,0,32,0,3,0,0,21645320,0,0,0,0,0,0,1,0,0,0,8,0,28965,0,0,lru,0,0,64,4050995,3,4024275,0,14024133,0,0,0,99239,9999858,3,1,8199948,0,1,4,1,482520,0,0,lru,6006153,0,128,4026536,10,4024275,116738,16275218,0,0,0,64285,4050995,10,4
19484849,0,0,8,0,0,0,0,lru,6273436,0,32,0,3,0,0,19484849,0,0,0,0,0,0,1,0,0,0,8,0,160929,0,0,lru,0,0,16,10987426,3,5624835,0,31549446,0,0,0,770793,25924611,3,1,6273436,0,1,8,1,580630,0,0,lru,783381,0,128,1701455,10,5624835,467611,22885697,0,0,0,330257,10987426,10,4
19379479,0,0,8,0,0,0,0,lru,6165947,0,32,0,3,0,0,19379479,0,0,0,0,0,0,1,0,0,0,8,0,150906,0,0,lru,0,0,32,5752027,3,5682932,0,32279582,0,0,0,505122,26596650,3,1,6165947,0,1,8,1,606420,0,0,lru,776653,0,128,1753159,10,5682932,470822,17600906,0,0,0,340321,5752027,10,4
19362885,0,0,8,0,0,0,0,lru,6148375,0,32,0,3,0,0,19362885,0,0,0,0,0,0,1,0,0,0,8,0,146838,0,0,lru,0,0,64,5291556,3,5692474,0,32396324,0,0,0,507089,26703850,3,1,6148375,0,1,8,1,744850,0,0,lru,769936,0,128,1743949,10,5692474,470794,17132405,0,0,0,348558,5291556,10,4
19337830,0,0,8,0,0,0,0,lru,6124103,0,32,0,3,0,0,19337830,0,0,0,0,0,0,1,0,0,0,8,0,154980,0,0,lru,0,0,16,11361988,3,5706809,0,32572210,0,0,0,793806,26865401,3,1,6124103,0,1,16,1,510930,0,0,lru,528781,0,128,1668969,10,5706809,456279,23192900,0,0,0,325004,11361988,10,4
19214244,0,0,8,0,0,0,0,lru,5995367,0,32,0,3,0,0,19214244,0,0,0,0,0,0,1,0,0,0,8,0,142567,0,0,lru,0,0,32,5814142,3,5772230,0,33404063,0,0,0,511772,27631833,3,1,5995367,0,1,16,1,516340,0,0,lru,522238,0,128,1709432,10,5772230,462774,17581739,0,0,0,338051,5814142,10,4
19210346,0,0,8,0,0,0,0,lru,5991396,0,32,0,3,0,0,19210346,0,0,0,0,0,0,1,0,0,0,8,0,139851,0,0,lru,0,0,64,5330063,3,5774800,0,33432782,0,0,0,513883,27657982,3,1,5991396,0,1,16,1,490200,0,0,lru,521306,0,128,1720580,10,5774800,463049,17096259,0,0,0,342744,5330063,10,4
19230195,0,0,8,0,0,0,0,lru,6009576,0,32,0,3,0,0,19230195,0,0,0,0,0,0,1,0,0,0,8,0,147441,0,0,lru,0,0,16,11622788,3,5762799,0,33288976,0,0,0,807566,27526177,3,1,6009576,0,1,32,1,416510,0,0,lru,392244,0,128,1614992,10,5762799,444165,23395163,0,0,0,323301,11622788,10,4
19108945,0,0,8,0,0,0,0,lru,5885366,0,32,0,3,0,0,19108945,0,0,0,0,0,0,1,0,0,0,8,0,136769,0,0,lru,0,0,32,5857045,3,5831055,0,34137366,0,0,0,517317,28306311,3,1,5885366,0,1,32,1,425900,0,0,lru,384990,0,128,1658995,10,5831055,450849,17573466,0,0,0,334831,5857045,10,4
19103081,0,0,8,0,0,0,0,lru,5881433,0,32,0,3,0,0,19103081,0,0,0,0,0,0,1,0,0,0,8,0,134916,0,0,lru,0,0,64,5354236,3,5834113,0,34178274,0,0,0,518747,28344161,3,1,5881433,0,1,32,1,403240,0,0,lru,385681,0,128,1664088,10,5834113,451174,17069782,0,0,0,338177,5354236,10,4
21280590,0,0,1,0,0,0,0,lru,21088545,0,32,0,3,0,0,21280590,0,0,0,0,0,0,1,0,0,0,16,0,249984,0,0,lru,0,0,16,1819011,3,4642514,0,19176062,0,0,0,399575,14533548,3,1,21088545,0,1,4,1,1079590,0,0,lru,4278934,0,128,1280744,10,4642514,572117,27550070,0,0,0,361651,1819011,10,4
21664358,0,0,1,0,0,0,0,lru,21578320,0,32,0,3,0,0,21664358,0,0,0,0,0,0,1,0,0,0,16,0,39630,0,0,lru,0,0,32,4009118,3,4031144,0,14057326,0,0,0,70366,10026182,3,1,21578320,0,1,4,1,1188470,0,0,lru,6026467,0,128,3973981,10,4031144,2021143,29618582,0,0,0,1975890,4009118,10,4
21664349,0,0,1,0,0,0,0,lru,21578311,0,32,0,3,0,0,21664349,0,0,0,0,0,0,1,0,0,0,16,0,39630,0,0,lru,0,0,64,3977009,3,4031150,0,14057393,0,0,0,59816,10026243,3,1,21578311,0,1,4,1,660270,0,0,lru,6029089,0,128,3967750,10,4031150,2021128,29586470,0,0,0,1979771,3977009,10,4
19572973,0,0,1,0,0,0,0,lru,19444598,0,32,0,3,0,0,19572973,0,0,0,0,0,0,1,0,0,0,16,0,163599,0,0,lru,0,0,16,3195869,3,5576075,0,30936287,0,0,0,487660,25360212,3,1,19444598,0,1,8,1,598850,0,0,lru,651603,0,128,1744207,10,5576075,464241,28216542,0,0,0,328627,3195869,10,4
19557493,0,0,1,0,0,0,0,lru,19429712,0,32,0,3,0,0,19557493,0,0,0,0,0,0,1,0,0,0,16,0,157719,0,0,lru,0,0,32,4807645,3,5584502,0,31042580,0,0,0,468964,25458078,3,1,19429712,0,1,8,1,1030400,0,0,lru,643840,0,128,1634210,10,5584502,464317,29821859,0,0,0,336999,4807645,10,4
19543753,0,0,1,0,0,0,0,lru,19416425,0,32,0,3,0,0,19543753,0,0,0,0,0,0,1,0,0,0,16,0,154143,0,0,lru,0,0,64,4542121,3,5592543,0,31139703,0,0,0,429274,25547160,3,1,19416425,0,1,8,1,1002980,0,0,lru,641256,0,128,1618814,10,5592543,464467,29551089,0,0,0,341888,4542121,10,4
19407837,0,0,1,0,0,0,0,lru,19285667,0,32,0,3,0,0,19407837,0,0,0,0,0,0,1,0,0,0,16,0,156087,0,0,lru,0,0,16,3332837,3,5667186,0,32081704,0,0,0,496736,26414518,3,1,19285667,0,1,16,1,521220,0,0,lru,447249,0,128,1639050,10,5667186,454316,28285690,0,0,0,324260,3332837,10,4
19435361,0,0,1,0,0,0,0,lru,19311978,0,32,0,3,0,0,19435361,0,0,0,0,0,0,1,0,0,0,16,0,153205,0,0,lru,0,0,32,4816769,3,5652339,0,31892927,0,0,0,475834,26240588,3,1,19311978,0,1,16,1,916630,0,0,lru,450868,0,128,1611396,10,5652339,453215,29781086,0,0,0,326450,4816769,10,4
19424208,0,0,1,0,0,0,0,lru,19301337,0,32,0,3,0,0,19424208,0,0,0,0,0,0,1,0,0,0,16,0,149286,0,0,lru,0,0,64,4534974,3,5658387,0,31968907,0,0,0,436475,26310520,3,1,19301337,0,1,16,1,712450,0,0,lru,448935,0,128,1600116,10,5658387,453661,29494698,0,0,0,332537,4534974,10,4
19323297,0,0,1,0,0,0,0,lru,19204217,0,32,0,3,0,0,19323297,0,0,0,0,0,0,1,0,0,0,16,0,152133,0,0,lru,0,0,16,3403333,3,5714205,0,32669800,0,0,0,502098,26955595,3,1,19204217,0,1,32,1,430670,0,0,lru,356961,0,128,1584707,10,5714205,439663,28321755,0,0,0,316414,3403333,10,4
19353558,0,0,1,0,0,0,0,lru,19233222,0,32,0,3,0,0,19353558,0,0,0,0,0,0,1,0,0,0,16,0,149174,0,0,lru,0,0,32,4822634,3,5697707,0,32459864,0,0,0,479609,26762157,3,1,19233222,0,1,32,1,640190,0,0,lru,359613,0,128,1568939,10,5697707,439689,29753563,0,0,0,316125,4822634,10,4
19353146,0,0,1,0,0,0,0,lru,19232628,0,32,0,3,0,0,19353146,0,0,0,0,0,0,1,0,0,0,16,0,146481,0,0,lru,0,0,64,4545751,3,5698481,0,32466333,0,0,0,442114,26767852,3,1,19232628,0,1,32,1,443330,0,0,lru,359862,0,128,1574921,10,5698481,440422,29476860,0,0,0,320352,4545751,10,4
21270536,0,0,2,0,0,0,0,lru,20549795,0,32,0,3,0,0,21270536,0,0,0,0,0,0,1,0,0,0,16,0,248505,0,0,lru,0,0,16,1825182,3,4647171,0,19242736,0,0,0,399701,14595565,3,1,20549795,0,1,4,1,1068860,0,0,lru,4278590,0,128,1286468,10,4647171,572901,27022148,0,0,0,362494,1825182,10,4
21660485,0,0,2,0,0,0,0,lru,21537542,0,32,0,3,0,0,21660485,0,0,0,0,0,0,1,0,0,0,16,0,39645,0,0,lru,0,0,32,4011645,3,4033673,0,14066144,0,0,0,70402,10032471,3,1,21537542,0,1,4,1,1188920,0,0,lru,6037265,0,128,3976481,10,4033673,2019770,29582860,0,0,0,1974495,4011645,10,4
21660496,0,0,2,0,0,0,0,lru,21537542,0,32,0,3,0,0,21660496,0,0,0,0,0,0,1,0,0,0,16,0,39660,0,0,lru,0,0,64,3979512,3,4033694,0,14066264,0,0,0,59854,10032570,3,1,21537542,0,1,4,1,660770,0,0,lru,6039915,0,128,3970247,10,4033694,2019762,29550748,0,0,0,1978379,3979512,10,4
19566593,0,0,2,0,0,0,0,lru,19043346,0,32,0,3,0,0,19566593,0,0,0,0,0,0,1,0,0,0,16,0,164775,0,0,lru,0,0,16,3202929,3,5579740,0,30980843,0,0,0,489064,25401103,3,1,19043346,0,1,8,1,599380,0,0,lru,652951,0,128,1747318,10,5579740,464650,27826015,0,0,0,328958,3202929,10,4
19550140,0,0,2,0,0,0,0,lru,19028667,0,32,0,3,0,0,19550140,0,0,0,0,0,0,1,0,0,0,16,0,158301,0,0,lru,0,0,32,4808936,3,5589036,0,31096347,0,0,0,470448,25507311,3,1,19028667,0,1,8,1,1030330,0,0,lru,645131,0,128,1638163,10,5589036,464890,29426639,0,0,0,337151,4808936,10,4
19536235,0,0,2,0,0,0,0,lru,19016347,0,32,0,3,0,0,19536235,0,0,0,0,0,0,1,0,0,0,16,0,154047,0,0,lru,0,0,64,4542773,3,5596753,0,31192697,0,0,0,429899,25595944,3,1,19016347,0,1,8,1,1001380,0,0,lru,642430,0,128,1622543,10,5596753,464897,29155873,0,0,0,342529,4542773,10,4
19401508,0,0,2,0,0,0,0,lru,18897133,0,32,0,3,0,0,19401508,0,0,0,0,0,0,1,0,0,0,16,0,157050,0,0,lru,0,0,16,3340576,3,5671133,0,32128172,0,0,0,498536,26457039,3,1,18897133,0,1,16,1,522100,0,0,lru,448268,0,128,1641959,10,5671133,454879,27908842,0,0,0,324636,3340576,10,4
19427437,0,0,2,0,0,0,0,lru,18920224,0,32,0,3,0,0,19427437,0,0,0,0,0,0,1,0,0,0,16,0,153271,0,0,lru,0,0,32,4816936,3,5656362,0,31947049,0,0,0,476256,26290687,3,1,18920224,0,1,16,1,914480,0,0,lru,451099,0,128,1614277,10,5656362,453588,29393522,0,0,0,327113,4816936,10,4
19416305,0,0,2,0,0,0,0,lru,18910462,0,32,0,3,0,0,19416305,0,0,0,0,0,0,1,0,0,0,16,0,148794,0,0,lru,0,0,64,4534665,3,5662455,0,32022874,0,0,0,436695,26360419,3,1,18910462,0,1,16,1,710280,0,0,lru,448755,0,128,1602687,10,5662455,453887,29107582,0,0,0,333118,4534665,10,4
19313659,0,0,2,0,0,0,0,lru,18819468,0,32,0,3,0,0,19313659,0,0,0,0,0,0,1,0,0,0,16,0,151245,0,0,lru,0,0,16,3408346,3,5719136,0,32732429,0,0,0,502223,27013293,3,1,18819468,0,1,32,1,429130,0,0,lru,356103,0,128,1587501,10,5719136,439979,27946950,0,0,0,317157,3408346,10,4
19347176,0,0,2,0,0,0,0,lru,18848622,0,32,0,3,0,0,19347176,0,0,0,0,0,0,1,0,0,0,16,0,149382,0,0,lru,0,0,32,4822615,3,5702194,0,32510497,0,0,0,480322,26808303,3,1,18848622,0,1,32,1,640910,0,0,lru,359724,0,128,1571757,10,5702194,440339,29373431,0,0,0,316946,4822615,10,4
19344542,0,0,2,0,0,0,0,lru,18846601,0,32,0,3,0,0,19344542,0,0,0,0,0,0,1,0,0,0,16,0,146121,0,0,lru,0,0,64,4544840,3,5702693,0,32523536,0,0,0,442663,26820843,3,1,18846601,0,1,32,1,442260,0,0,lru,358752,0,128,1577679,10,5702693,440731,29094134,0,0,0,321001,4544840,10,4
21241572,0,0,4,0,0,0,0,lru,18252324,0,32,0,3,0,0,21241572,0,0,0,0,0,0,1,0,0,0,16,0,247743,0,0,lru,0,0,16,1832757,3,4645645,0,19271567,0,0,0,402468,14625922,3,1,18252324,0,1,4,1,1029620,0,0,lru,4340944,0,128,1287014,10,4645645,576173,24730726,0,0,0,365900,1832757,10,4
21666610,0,0,4,0,0,0,0,lru,19613716,0,32,0,3,0,0,21666610,0,0,0,0,0,0,1,0,0,0,16,0,43950,0,0,lru,0,0,32,4011082,3,4037446,0,14083509,0,0,0,72591,10046063,3,1,19613716,0,1,4,1,1318070,0,0,lru,7922837,0,128,3975410,10,4037446,2021837,27662244,0,0,0,1975346,4011082,10,4
21666596,0,0,4,0,0,0,0,lru,19613692,0,32,0,3,0,0,21666596,0,0,0,0,0,0,1,0,0,0,16,0,43950,0,0,lru,0,0,64,3976838,3,4037454,0,14083591,0,0,0,62056,10046137,3,1,19613692,0,1,4,1,732270,0,0,lru,7922807,0,128,3967296,10,4037454,2021821,27627984,0,0,0,1979062,3976838,10,4
19508141,0,0,4,0,0,0,0,lru,15635812,0,32,0,3,0,0,19508141,0,0,0,0,0,0,1,0,0,0,16,0,161034,0,0,lru,0,0,16,3250074,3,5612115,0,31387399,0,0,0,491737,25775284,3,1,15635812,0,1,8,1,589020,0,0,lru,679043,0,128,1770087,10,5612115,466008,24498001,0,0,0,332980,3250074,10,4
19489225,0,0,4,0,0,0,0,lru,15607145,0,32,0,3,0,0,19489225,0,0,0,0,0,0,1,0,0,0,16,0,155200,0,0,lru,0,0,32,4811547,3,5622590,0,31519038,0,0,0,473069,25896448,3,1,15607145,0,1,8,1,1010310,0,0,lru,668958,0,128,1660026,10,5622590,466276,26041282,0,0,0,340851,4811547,10,4
19475665,0,0,4,0,0,0,0,lru,15586104,0,32,0,3,0,0,19475665,0,0,0,0,0,0,1,0,0,0,16,0,151779,0,0,lru,0,0,64,4539071,3,5631047,0,31618798,0,0,0,434316,25987751,3,1,15586104,0,1,8,1,986280,0,0,lru,662848,0,128,1644803,10,5631047,467022,25756222,0,0,0,346924,4539071,10,4
19327630,0,0,4,0,0,0,0,lru,15363761,0,32,0,3,0,0,19327630,0,0,0,0,0,0,1,0,0,0,16,0,152685,0,0,lru,0,0,16,3399102,3,5711247,0,32635457,0,0,0,502004,26924210,3,1,15363761,0,1,16,1,507500,0,0,lru,443749,0,128,1667051,10,5711247,457660,24474110,0,0,0,330737,3399102,10,4
19350101,0,0,4,0,0,0,0,lru,15397920,0,32,0,3,0,0,19350101,0,0,0,0,0,0,1,0,0,0,16,0,148326,0,0,lru,0,0,32,4821535,3,5698586,0,32478216,0,0,0,478646,26779630,3,1,15397920,0,1,16,1,886730,0,0,lru,443892,0,128,1639508,10,5698586,456457,25918041,0,0,0,333887,4821535,10,4
19341141,0,0,4,0,0,0,0,lru,15384234,0,32,0,3,0,0,19341141,0,0,0,0,0,0,1,0,0,0,16,0,145050,0,0,lru,0,0,64,4544434,3,5703844,0,32541649,0,0,0,442690,26837805,3,1,15384234,0,1,16,1,691460,0,0,lru,442901,0,128,1629147,10,5703844,456957,25632512,0,0,0,338823,4544434,10,4
19234298,0,0,4,0,0,0,0,lru,15225697,0,32,0,3,0,0,19234298,0,0,0,0,0,0,1,0,0,0,16,0,147219,0,0,lru,0,0,16,3466891,3,5760500,0,33260272,0,0,0,505301,27499772,3,1,15225697,0,1,32,1,417710,0,0,lru,349792,0,128,1613165,10,5760500,443564,24453088,0,0,0,323997,3466891,10,4
19261762,0,0,4,0,0,0,0,lru,15266894,0,32,0,3,0,0,19261762,0,0,0,0,0,0,1,0,0,0,16,0,143358,0,0,lru,0,0,32,4823768,3,5745640,0,33071022,0,0,0,482033,27325382,3,1,15266894,0,1,32,1,620820,0,0,lru,350766,0,128,1597859,10,5745640,443430,25836302,0,0,0,323706,4823768,10,4
19263060,0,0,4,0,0,0,0,lru,15268355,0,32,0,3,0,0,19263060,0,0,0,0,0,0,1,0,0,0,16,0,141621,0,0,lru,0,0,64,4537509,3,5745886,0,33067893,0,0,0,446833,27322007,3,1,15268355,0,1,32,1,430710,0,0,lru,352006,0,128,1603363,10,5745886,444396,25551750,0,0,0,327830,4537509,10,4
19633931,0,0,8,0,0,0,0,lru,6424902,0,32,0,3,0,0,19633931,0,0,0,0,0,0,1,0,0,0,16,0,167958,0,0,lru,0,0,16,3147696,3,5542305,0,30511922,0,0,0,485459,24969617,3,1,6424902,0,1,4,1,678620,0,0,lru,1147960,0,128,1851516,10,5542305,548946,15114903,0,0,0,413223,3147696,10,4
21645158,0,0,8,0,0,0,0,lru,8199346,0,32,0,3,0,0,21645158,0,0,0,0,0,0,1,0,0,0,16,0,28860,0,0,lru,0,0,32,4013118,3,4024184,0,14023854,0,0,0,64952,9999670,3,1,8199346,0,1,4,1,865370,0,0,lru,6005931,0,128,3979167,10,4024184,116591,16236648,0,0,0,74397,4013118,10,4
21645173,0,0,8,0,0,0,0,lru,8199370,0,32,0,3,0,0,21645173,0,0,0,0,0,0,1,0,0,0,16,0,28860,0,0,lru,0,0,64,3986411,3,4024171,0,14023748,0,0,0,54334,9999577,3,1,8199370,0,1,4,1,480770,0,0,lru,6005946,0,128,3977707,10,4024171,116585,16209952,0,0,0,78651,3986411,10,4
19336096,0,0,8,0,0,0,0,lru,6120949,0,32,0,3,0,0,19336096,0,0,0,0,0,0,1,0,0,0,16,0,154218,0,0,lru,0,0,16,3392906,3,5706930,0,32579419,0,0,0,502220,26872489,3,1,6120949,0,1,8,1,556720,0,0,lru,774119,0,128,1785356,10,5706930,472276,15220785,0,0,0,345905,3392906,10,4
19326925,0,0,8,0,0,0,0,lru,6111813,0,32,0,3,0,0,19326925,0,0,0,0,0,0,1,0,0,0,16,0,148087,0,0,lru,0,0,32,4827179,3,5711479,0,32641031,0,0,0,481048,26929552,3,1,6111813,0,1,8,1,957450,0,0,lru,768730,0,128,1695489,10,5711479,471951,16650471,0,0,0,353115,4827179,10,4
19308562,0,0,8,0,0,0,0,lru,6090883,0,32,0,3,0,0,19308562,0,0,0,0,0,0,1,0,0,0,16,0,144051,0,0,lru,0,0,64,4540753,3,5719608,0,32747980,0,0,0,444745,27028372,3,1,6090883,0,1,8,1,931950,0,0,lru,765081,0,128,1684951,10,5719608,472113,16351244,0,0,0,357639,4540753,10,4
19161747,0,0,8,0,0,0,0,lru,5939128,0,32,0,3,0,0,19161747,0,0,0,0,0,0,1,0,0,0,16,0,144414,0,0,lru,0,0,16,3528034,3,5801421,0,33766892,0,0,0,510073,27965471,3,1,5939128,0,1,16,1,482230,0,0,lru,516127,0,128,1722061,10,5801421,464581,15268583,0,0,0,344550,3528034,10,4
19185156,0,0,8,0,0,0,0,lru,5965107,0,32,0,3,0,0,19185156,0,0,0,0,0,0,1,0,0,0,16,0,141169,0,0,lru,0,0,32,4830912,3,5788724,0,33607979,0,0,0,486271,27819255,3,1,5965107,0,1,16,1,844330,0,0,lru,518537,0,128,1696023,10,5788724,463889,16584743,0,0,0,347425,4830912,10,4
19172419,0,0,8,0,0,0,0,lru,5950273,0,32,0,3,0,0,19172419,0,0,0,0,0,0,1,0,0,0,16,0,136935,0,0,lru,0,0,64,4545099,3,5795355,0,33692644,0,0,0,452760,27897289,3,1,5950273,0,1,16,1,655500,0,0,lru,516366,0,128,1686301,10,5795355,463987,16290727,0,0,0,352281,4545099,10,4
19062975,0,0,8,0,0,0,0,lru,5840234,0,32,0,3,0,0,19062975,0,0,0,0,0,0,1,0,0,0,16,0,141150,0,0,lru,0,0,16,3611400,3,5856544,0,34458854,0,0,0,515521,28602310,3,1,5840234,0,1,32,1,396530,0,0,lru,381950,0,128,1674584,10,5856544,452656,15308178,0,0,0,339790,3611400,10,4
19085312,0,0,8,0,0,0,0,lru,5861243,0,32,0,3,0,0,19085312,0,0,0,0,0,0,1,0,0,0,16,0,135872,0,0,lru,0,0,32,4843343,3,5844012,0,34301122,0,0,0,491515,28457110,3,1,5861243,0,1,32,1,585380,0,0,lru,382491,0,128,1659877,10,5844012,452311,16548598,0,0,0,339543,4843343,10,4
19083216,0,0,8,0,0,0,0,lru,5858788,0,32,0,3,0,0,19083216,0,0,0,0,0,0,1,0,0,0,16,0,132828,0,0,lru,0,0,64,4549009,3,5845157,0,34314928,0,0,0,459479,28469771,3,1,5858788,0,1,32,1,404760,0,0,lru,382063,0,128,1665927,10,5845157,452864,16252954,0,0,0,343355,4549009,10,4
